Datetime,Stage,HomeTeamName,HomeTeamGoals,AwayTeamGoals,AwayTeamName,Attendance,Half-timeHomeGoals,Half-timeAwayGoals,Referee,RoundID,MatchID
2006-07-09,Final,Italy,1,1,France,69000,0,0,ELIZONDO Horacio (ARG),97410600,97410064
2006-07-08,Third place,Germany,3,1,Portugal,52000,0,0,KAMIKAWA Toru (JPN),97410500,97410063
2006-07-04,Semi-finals,Germany,0,2,Italy,65000,0,0,ARCHUNDIA Benito (MEX),97410400,97410061
2006-07-05,Semi-finals,Portugal,0,1,France,66000,0,1,LARRIONDA Jorge (URU),97410400,97410062
2006-07-01,Quarter-finals,Brazil,0,1,France,48000,0,0,MEDINA CANTALEJO Luis (ESP),97410300,97410060
2006-07-01,Quarter-finals,England,0,0,Portugal,52000,0,0,ELIZONDO Horacio (ARG),97410300,97410059
2006-06-30,Quarter-finals,Italy,3,0,Ukraine,50000,1,0,DE BLEECKERE Frank (BEL),97410300,97410058
2006-06-30,Quarter-finals,Germany,1,1,Argentina,72000,0,0,MICHEL Lubos (SVK),97410300,97410057
2006-06-26,Round of 16,Switzerland,0,0,Ukraine,45000,0,0,ARCHUNDIA Benito (MEX),97410200,97410054
2006-06-27,Round of 16,Brazil,3,0,Ghana,65000,2,0,MICHEL Lubos (SVK),97410200,97410055
2006-06-27,Round of 16,Spain,1,3,France,43000,1,1,ROSETTI Roberto (ITA),97410200,97410056
2006-06-24,Round of 16,Germany,2,0,Sweden,66000,2,0,SIMON Carlos (BRA),97410200,97410049
2006-06-25,Round of 16,Portugal,1,0,Netherlands,41000,1,0,IVANOV Valentin (RUS),97410200,97410052
2006-06-26,Round of 16,Italy,1,0,Australia,46000,0,0,MEDINA CANTALEJO Luis (ESP),97410200,97410053
2006-06-25,Round of 16,England,1,0,Ecuador,52000,0,0,DE BLEECKERE Frank (BEL),97410200,97410051
2006-06-24,Round of 16,Argentina,2,1,Mexico,43000,0,0,BUSACCA Massimo (SUI),97410200,97410050
2006-06-11,Group D,Angola,0,1,Portugal,45000,0,1,LARRIONDA Jorge (URU),97410100,97410008
2006-06-17,Group E,Czech Republic,0,2,Ghana,45000,0,1,ELIZONDO Horacio (ARG),97410100,97410026
2006-06-20,Group B,Sweden,2,2,England,45000,0,1,BUSACCA Massimo (SUI),97410100,97410035
2006-06-23,Group G,Togo,0,2,France,45000,0,0,LARRIONDA Jorge (URU),97410100,97410045
2006-06-10,Group B,Trinidad and Tobago,0,0,Sweden,62959,0,0,MAIDIN Shamsul (SIN),97410100,97410004
2006-06-14,Group A,Germany,1,0,Poland,65000,0,0,MEDINA CANTALEJO Luis (ESP),97410100,97410017
2006-06-22,Group F,Japan,1,4,Brazil,65000,1,1,POULAT Eric (FRA),97410100,97410043
2006-06-19,Group G,Togo,0,2,Switzerland,65000,0,1,AMARILLA Carlos (PAR),97410100,97410030
2006-06-10,Group B,England,1,0,Paraguay,48000,1,0,RODRIGUEZ Marco (MEX),97410100,97410003
2006-06-13,Group G,Korea Republic,2,1,Togo,48000,0,1,POLL Graham (ENG),97410100,97410014
2006-06-21,Group C,Netherlands,0,0,Argentina,48000,0,0,MEDINA CANTALEJO Luis (ESP),97410100,97410037
2006-06-17,Group D,Portugal,2,0,IR Iran,48000,0,0,POULAT Eric (FRA),97410100,97410024
2006-06-16,Group C,Argentina,6,0,Serbia and Montenegro,52000,3,0,ROSETTI Roberto (ITA),97410100,97410021
2006-06-09,Group A,Poland,0,2,Ecuador,52000,0,1,KAMIKAWA Toru (JPN),97410100,97410002
2006-06-21,Group D,Portugal,2,1,Mexico,52000,2,1,MICHEL Lubos (SVK),97410100,97410039
2006-06-12,Group E,USA,0,3,Czech Republic,52000,0,2,AMARILLA Carlos (PAR),97410100,97410010
2006-06-10,Group C,Argentina,2,1,Ivory Coast,49480,2,0,DE BLEECKERE Frank (BEL),97410100,97410005
2006-06-22,Group E,Czech Republic,0,2,Italy,50000,0,1,ARCHUNDIA Benito (MEX),97410100,97410041
2006-06-15,Group A,Ecuador,3,0,Costa Rica,50000,1,0,CODJIA Coffi (BEN),97410100,97410018
2006-06-19,Group H,Saudi Arabia,0,4,Ukraine,50000,0,2,POLL Graham (ENG),97410100,97410032
2006-06-20,Group A,Costa Rica,1,2,Poland,43000,1,1,MAIDIN Shamsul (SIN),97410100,97410034
2006-06-12,Group E,Italy,2,0,Ghana,43000,1,0,SIMON Carlos (BRA),97410100,97410009
2006-06-16,Group D,Mexico,0,0,Angola,43000,0,0,MAIDIN Shamsul (SIN),97410100,97410023
2006-06-23,Group G,Switzerland,2,0,Korea Republic,43000,1,0,ELIZONDO Horacio (ARG),97410100,97410046
2006-06-18,Group F,Brazil,2,0,Australia,66000,0,0,MERK Markus (GER),97410100,97410027
2006-06-21,Group C,Cï¿½te d'Ivoire,3,2,Serbia and Montenegro,66000,1,2,RODRIGUEZ Marco (MEX),97410100,97410038
2006-06-09,Group A,Germany,4,2,Costa Rica,66000,2,1,ELIZONDO Horacio (ARG),97410100,97410001
2006-06-14,Group H,Tunisia,2,2,Saudi Arabia,66000,1,0,SHIELD Mark (AUS),97410100,97410016
2006-06-15,Group B,England,2,0,Trinidad and Tobago,41000,0,0,KAMIKAWA Toru (JPN),97410100,97410019
2006-06-22,Group E,Ghana,2,1,USA,41000,2,1,MERK Markus (GER),97410100,97410042
2006-06-18,Group F,Japan,0,0,Croatia,41000,0,0,DE BLEECKERE Frank (BEL),97410100,97410028
2006-06-11,Group D,Mexico,3,1,Iran,41000,1,1,ROSETTI Roberto (ITA),97410100,97410007
2006-06-12,Group F,Australia,3,1,Japan,46000,0,1,ABD EL FATAH Essam (EGY),97410100,97410012
2006-06-17,Group E,Italy,1,1,USA,46000,1,1,LARRIONDA Jorge (URU),97410100,97410025
2006-06-20,Group B,Paraguay,2,0,Trinidad and Tobago,46000,1,0,ROSETTI Roberto (ITA),97410100,97410036
2006-06-23,Group H,Saudi Arabia,0,1,Spain,46000,0,1,CODJIA Coffi (BEN),97410100,97410047
2006-06-22,Group F,Croatia,2,2,Australia,52000,1,1,POLL Graham (ENG),97410100,97410044
2006-06-13,Group G,France,0,0,Switzerland,52000,0,0,IVANOV Valentin (RUS),97410100,97410013
2006-06-16,Group C,Netherlands,2,1,Ivory Coast,52000,2,1,RUIZ Oscar (COL),97410100,97410022
2006-06-19,Group H,Spain,3,1,Tunisia,52000,0,1,SIMON Carlos (BRA),97410100,97410031
2006-06-13,Group F,Brazil,1,0,Croatia,72000,1,0,ARCHUNDIA Benito (MEX),97410100,97410011
2006-06-20,Group A,Ecuador,0,3,Germany,72000,0,2,IVANOV Valentin (RUS),97410100,97410033
2006-06-15,Group B,Sweden,1,0,Paraguay,72000,0,0,MICHEL Lubos (SVK),97410100,97410020
2006-06-23,Group H,Ukraine,1,0,Tunisia,72000,0,0,AMARILLA Carlos (PAR),97410100,97410048
2006-06-11,Group C,Serbia and Montenegro,0,1,Netherlands,43000,0,1,MERK Markus (GER),97410100,97410006
2006-06-18,Group G,France,1,1,Korea Republic,43000,1,0,ARCHUNDIA Benito (MEX),97410100,97410029
2006-06-21,Group D,Iran,1,1,Angola,38000,0,0,SHIELD Mark (AUS),97410100,97410040
2006-06-14,Group H,Spain,4,0,Ukraine,43000,2,0,BUSACCA Massimo (SUI),97410100,97410015
2002-06-30,Final,Germany,0,2,Brazil,69029,0,0,COLLINA Pierluigi (ITA),43950600,43950064
2002-06-29,Third place,Korea Republic,2,3,Turkey,63483,1,3,MANE Saad (KUW),43950500,43950063
2002-06-26,Semi-finals,Brazil,1,0,Turkey,61058,0,0,NIELSEN Kim Milton (DEN),43950400,43950062
2002-06-25,Semi-finals,Germany,1,0,Korea Republic,65256,0,0,MEIER Urs (SUI),43950400,43950061
2002-06-22,Quarter-finals,Spain,0,0,Korea Republic,42114,0,0,EL GHANDOUR Gamal (EGY),43950300,43950059
2002-06-21,Quarter-finals,Germany,1,0,USA,37337,1,0,DALLAS Hugh (SCO),43950300,43950058
2002-06-22,Quarter-finals,Senegal,0,1,Turkey,44233,0,0,RUIZ Oscar (COL),43950300,43950060
2002-06-21,Quarter-finals,England,1,2,Brazil,47436,1,1,RAMOS RIZO Felipe (MEX),43950300,43950057
2002-06-18,Round of 16,Korea Republic,2,1,Italy,38588,0,0,MORENO Byron (ECU),43950200,43950056
2002-06-15,Round of 16,Germany,1,0,Paraguay,25176,0,0,BATRES Carlos (GUA),43950200,43950049
2002-06-17,Round of 16,Mexico,0,2,USA,36380,0,1,MELO PEREIRA Vitor (POR),43950200,43950053
2002-06-17,Round of 16,Brazil,2,0,Belgium,40440,0,0,PRENDERGAST Peter (JAM),43950200,43950054
2002-06-18,Round of 16,Japan,0,1,Turkey,45666,0,1,COLLINA Pierluigi (ITA),43950200,43950055
2002-06-15,Round of 16,Denmark,0,3,England,40582,0,3,MERK Markus (GER),43950200,43950050
2002-06-16,Round of 16,Sweden,1,2,Senegal,39747,0,0,AQUINO Ubaldo (PAR),43950200,43950051
2002-06-16,Round of 16,Spain,1,1,Republic of Ireland,38926,0,0,FRISK Anders (SWE),43950200,43950052
2002-06-06,Group A,France,0,0,Uruguay,38289,0,0,RAMOS RIZO Felipe (MEX),43950100,43950018
2002-06-04,Group D,Korea Republic,2,0,Poland,48760,1,0,RUIZ Oscar (COL),43950100,43950014
2002-06-02,Group B,Paraguay,2,2,South Africa,25186,1,0,MICHEL Lubos (SVK),43950100,43950006
2002-06-06,Group A,Denmark,1,1,Senegal,43500,1,0,BATRES Carlos (GUA),43950100,43950020
2002-06-10,Group D,Korea Republic,1,1,USA,60778,0,1,MEIER Urs (SUI),43950100,43950030
2002-06-08,Group B,South Africa,1,0,Slovenia,47226,1,0,SANCHEZ Angel (ARG),43950100,43950024
2002-06-14,Group D,Poland,3,1,USA,26482,2,0,LU Jun (CHN),43950100,43950048
2002-06-12,Group B,South Africa,2,3,Spain,31024,1,2,MANE Saad (KUW),43950100,43950039
2002-06-04,Group C,China PR,0,2,Costa Rica,27217,0,0,VASSARAS Kyros (GRE),43950100,43950012
2002-06-02,Group B,Spain,3,1,Slovenia,28598,1,0,GUEZZAZ Mohammed (MAR),43950100,43950008
2002-06-09,Group C,Costa Rica,1,1,Turkey,42299,0,0,CODJIA Coffi (BEN),43950100,43950028
2002-06-11,Group A,Denmark,2,0,France,48100,1,0,MELO PEREIRA Vitor (POR),43950100,43950033
2002-06-14,Group D,Portugal,0,1,Korea Republic,50239,0,0,SANCHEZ Angel (ARG),43950100,43950047
2002-06-13,Group G,Ecuador,1,0,Croatia,65862,0,0,MATTUS William (CRC),43950100,43950044
2002-06-09,Group H,Japan,1,0,Russia,66108,0,0,MERK Markus (GER),43950100,43950029
2002-06-11,Group E,Saudi Arabia,0,3,Republic of Ireland,65320,0,1,NDOYE Falla (SEN),43950100,43950036
2002-06-08,Group C,Brazil,4,0,China PR,36750,3,0,FRISK Anders (SWE),43950100,43950026
2002-06-12,Group B,Slovenia,1,3,Paraguay,30176,1,0,RAMOS RIZO Felipe (MEX),43950100,43950040
2002-06-10,Group D,Portugal,4,0,Poland,31000,1,0,DALLAS Hugh (SCO),43950100,43950032
2002-06-07,Group B,Spain,3,1,Paraguay,24000,0,1,EL GHANDOUR Gamal (EGY),43950100,43950022
2002-06-02,Group F,Argentina,1,0,Nigeria,34050,0,0,VEISSIERE Gilles (FRA),43950100,43950007
2002-06-05,Group E,Germany,1,1,Republic of Ireland,35854,1,0,NIELSEN Kim Milton (DEN),43950100,43950017
2002-06-08,Group G,Italy,1,2,Croatia,36472,0,0,POLL Graham (ENG),43950100,43950025
2002-06-05,Group H,Russia,2,0,Tunisia,30957,0,0,PRENDERGAST Peter (JAM),43950100,43950015
2002-06-07,Group F,Sweden,2,1,Nigeria,36194,1,1,ORTUBE Rene (BOL),43950100,43950021
2002-06-09,Group G,Mexico,2,1,Ecuador,45610,1,1,DAAMI Mourad (TUN),43950100,43950027
2002-06-12,Group F,Sweden,1,1,Argentina,45777,0,0,BUJSAIM Ali (UAE),43950100,43950037
2002-06-03,Group C,Brazil,2,1,Turkey,33842,0,1,KIM Young Joo (KOR),43950100,43950010
2002-06-01,Group A,Uruguay,1,2,Denmark,30157,0,1,MANE Saad (KUW),43950100,43950003
2002-06-01,Group E,Republic of Ireland,1,1,Cameroon,33679,0,1,KAMIKAWA Toru (JPN),43950100,43950002
2002-06-03,Group G,Croatia,0,1,Mexico,32239,0,0,JUN Lu (CHN),43950100,43950009
2002-06-13,Group G,Mexico,1,1,Italy,39291,1,0,SIMON Carlos (BRA),43950100,43950043
2002-06-10,Group H,Tunisia,1,1,Belgium,39700,1,1,SHIELD Mark (AUS),43950100,43950031
2002-06-12,Group F,Nigeria,0,0,England,44864,0,0,HALL Brian (USA),43950100,43950038
2002-06-14,Group H,Tunisia,0,2,Japan,45213,0,0,VEISSIERE Gilles (FRA),43950100,43950045
2002-06-06,Group E,Cameroon,1,0,Saudi Arabia,52328,0,0,HAUGE Terje (NOR),43950100,43950019
2002-06-02,Group F,England,1,1,Sweden,52721,1,0,SIMON Carlos (BRA),43950100,43950005
2002-06-04,Group H,Japan,2,2,Belgium,55256,0,0,MATTUS William (CRC),43950100,43950013
2002-06-07,Group F,Argentina,0,1,England,35927,0,1,COLLINA Pierluigi (ITA),43950100,43950023
2002-06-01,Group E,Germany,8,0,Saudi Arabia,32218,4,0,AQUINO Ubaldo (PAR),43950100,43950004
2002-06-03,Group G,Italy,2,0,Ecuador,31081,2,0,HALL Brian (USA),43950100,43950011
2002-05-31,Group A,France,0,1,Senegal,62561,0,1,BUJSAIM Ali (UAE),43950100,43950001
2002-06-13,Group C,Turkey,3,0,China PR,43605,2,0,RUIZ Oscar (COL),43950100,43950042
2002-06-14,Group H,Belgium,3,2,Russia,46640,1,0,NIELSEN Kim Milton (DEN),43950100,43950046
2002-06-11,Group E,Cameroon,0,2,Germany,47085,0,0,LOPEZ NIETO Antonio (ESP),43950100,43950035
2002-06-13,Group C,Costa Rica,2,5,Brazil,38524,1,3,EL GHANDOUR Gamal (EGY),43950100,43950041
2002-06-11,Group A,Senegal,3,3,Uruguay,33681,3,0,WEGEREEF Jan (NED),43950100,43950034
2002-06-05,Group D,USA,3,2,Portugal,37306,3,1,MORENO Byron (ECU),43950100,43950016
2014-07-13,Final,Germany,1,0,Argentina,74738,0,0,Nicola RIZZOLI (ITA),255959,300186501
2014-07-12,Play-off for third place,Brazil,0,3,Netherlands,68034,0,2,HAIMOUDI Djamel (ALG),255957,300186502
2014-07-09,Semi-finals,Netherlands,0,0,Argentina,63267,0,0,Cuneyt CAKIR (TUR),255955,300186490
2014-07-08,Semi-finals,Brazil,1,7,Germany,58141,0,5,RODRIGUEZ Marco (MEX),255955,300186474
2014-07-05,Quarter-finals,Netherlands,0,0,Costa Rica,51179,0,0,Ravshan IRMATOV (UZB),255953,300186488
2014-07-04,Quarter-finals,Brazil,2,1,Colombia,60342,1,0,Carlos VELASCO CARBALLO (ESP),255953,300186461
2014-07-04,Quarter-finals,France,0,1,Germany,74240,0,1,PITANA Nestor (ARG),255953,300186485
2014-07-05,Quarter-finals,Argentina,1,0,Belgium,68551,1,0,Nicola RIZZOLI (ITA),255953,300186504
2014-07-01,Round of 16,Argentina,1,0,Switzerland,63255,0,0,ERIKSSON Jonas (SWE),255951,300186503
2014-07-01,Round of 16,Belgium,2,1,USA,51227,0,0,HAIMOUDI Djamel (ALG),255951,300186497
2014-06-29,Round of 16,Costa Rica,1,1,Greece,41242,0,0,Ben WILLIAMS (AUS),255951,300186459
2014-06-30,Round of 16,Germany,2,1,Algeria,,0,0,RICCI Sandro (BRA),255951,300186460
2014-06-29,Round of 16,Netherlands,2,1,Mexico,58817,0,0,PROENCA Pedro (POR),255951,300186508
2014-06-28,Round of 16,Colombia,2,0,Uruguay,73804,1,0,Bjorn KUIPERS (NED),255951,300186491
2014-06-28,Round of 16,Brazil,1,1,Chile,57714,0,0,WEBB Howard (ENG),255951,300186487
2014-06-30,Round of 16,France,2,0,Nigeria,67882,0,0,GEIGER Mark (USA),255951,300186462
2014-06-18,Group A,Cameroon,0,4,Croatia,39982,0,1,PROENCA Pedro (POR),255931,300186453
2014-06-14,Group D,England,1,2,Italy,39800,1,1,Bjorn KUIPERS (NED),255931,300186513
2014-06-25,Group E,Honduras,0,3,Switzerland,40322,0,2,PITANA Nestor (ARG),255931,300186482
2014-06-22,Group G,USA,2,2,Portugal,40123,0,1,PITANA Nestor (ARG),255931,300186483
2014-06-26,Group H,Algeria,1,1,Russia,39311,0,1,Cuneyt CAKIR (TUR),255931,300186506
2014-06-23,Group B,Australia,0,3,Spain,39375,0,1,SHUKRALLA Nawaf (BHR),255931,300186467
2014-06-20,Group E,Honduras,1,2,Ecuador,39224,1,1,Ben WILLIAMS (AUS),255931,300186463
2014-06-16,Group F,IR Iran,0,0,Nigeria,39081,0,0,VERA Carlos (ECU),255931,300186505
2014-06-12,Group A,Brazil,3,1,Croatia,62103,1,1,NISHIMURA Yuichi (JPN),255931,300186456
2014-06-26,Group H,Korea Republic,0,1,Belgium,61397,0,0,Ben WILLIAMS (AUS),255931,300186480
2014-06-23,Group B,Netherlands,2,0,Chile,62996,0,0,Bakary GASSAMA (GAM),255931,300186470
2014-06-19,Group D,Uruguay,2,1,England,62575,1,0,Carlos VELASCO CARBALLO (ESP),255931,300186486
2014-06-25,Group F,Bosnia and Herzegovina,3,1,IR Iran,48011,1,0,Carlos VELASCO CARBALLO (ESP),255931,300186464
2014-06-16,Group G,Germany,4,0,Portugal,51081,3,0,MAZIC Milorad (SRB),255931,300186475
2014-06-13,Group B,Spain,1,5,Netherlands,48173,1,1,Nicola RIZZOLI (ITA),255931,300186510
2014-06-20,Group E,Switzerland,2,5,France,51003,0,3,Bjorn KUIPERS (NED),255931,300186514
2014-06-13,Group B,Chile,3,1,Australia,40275,2,1,Noumandiez DOUE (CIV),255931,300186473
2014-06-24,Group C,Japan,1,4,Colombia,40340,1,1,PROENCA Pedro (POR),255931,300186457
2014-06-21,Group F,Nigeria,1,0,Bosnia and Herzegovina,40499,1,0,Peter O'LEARY (NZL),255931,300186511
2014-06-17,Group H,Russia,1,1,Korea Republic,37603,0,0,PITANA Nestor (ARG),255931,300186499
2014-06-14,Group C,Cï¿½te d'Ivoire,2,1,Japan,40267,0,1,OSSES Enrique (CHI),255931,300186507
2014-06-23,Group A,Croatia,1,3,Mexico,41212,0,0,Ravshan IRMATOV (UZB),255931,300186452
2014-06-20,Group D,Italy,0,1,Costa Rica,40285,0,1,OSSES Enrique (CHI),255931,300186500
2014-06-26,Group G,USA,0,1,Germany,41876,0,0,Ravshan IRMATOV (UZB),255931,300186469
2014-06-18,Group B,Australia,2,3,Netherlands,42877,1,1,HAIMOUDI Djamel (ALG),255931,300186478
2014-06-15,Group E,France,3,0,Honduras,43012,1,0,RICCI Sandro (BRA),255931,300186496
2014-06-22,Group H,Korea Republic,2,4,Algeria,42732,0,3,ROLDAN Wilmar (COL),255931,300186495
2014-06-25,Group F,Nigeria,2,3,Argentina,43285,1,2,Nicola RIZZOLI (ITA),255931,300186458
2014-06-17,Group A,Brazil,0,0,Mexico,60342,0,0,Cuneyt CAKIR (TUR),255931,300186509
2014-06-21,Group G,Germany,2,2,Ghana,59621,0,0,RICCI Sandro (BRA),255931,300186493
2014-06-24,Group C,Greece,2,1,Ivory Coast,59095,1,0,VERA Carlos (ECU),255931,300186455
2014-06-14,Group D,Uruguay,1,3,Costa Rica,58679,1,0,BRYCH Felix (GER),255931,300186489
2014-06-16,Group G,Ghana,1,2,USA,39760,0,1,ERIKSSON Jonas (SWE),255931,300186512
2014-06-24,Group D,Italy,0,1,Uruguay,39706,0,0,RODRIGUEZ Marco (MEX),255931,300186465
2014-06-19,Group C,Japan,0,0,Greece,39485,0,0,AGUILAR Joel (SLV),255931,300186454
2014-06-13,Group A,Mexico,1,0,Cameroon,39216,0,0,ROLDAN Wilmar (COL),255931,300186492
2014-06-15,Group F,Argentina,2,1,Bosnia and Herzegovina,74738,1,0,AGUILAR Joel (SLV),255931,300186477
2014-06-22,Group H,Belgium,1,0,Russia,73819,0,0,BRYCH Felix (GER),255931,300186481
2014-06-25,Group E,Ecuador,0,0,France,73749,0,0,Noumandiez DOUE (CIV),255931,300186515
2014-06-18,Group B,Spain,0,2,Chile,74101,0,2,GEIGER Mark (USA),255931,300186498
2014-06-21,Group F,Argentina,1,0,IR Iran,57698,0,0,MAZIC Milorad (SRB),255931,300186466
2014-06-17,Group H,Belgium,2,1,Algeria,56800,0,1,RODRIGUEZ Marco (MEX),255931,300186479
2014-06-14,Group C,Colombia,3,0,Greece,57174,1,0,GEIGER Mark (USA),255931,300186471
2014-06-24,Group D,Costa Rica,0,0,England,57823,0,0,HAIMOUDI Djamel (ALG),255931,300186484
2014-06-23,Group A,Cameroon,1,4,Brazil,69112,1,2,ERIKSSON Jonas (SWE),255931,300186472
2014-06-19,Group C,Colombia,2,1,Ivory Coast,68748,0,0,WEBB Howard (ENG),255931,300186468
2014-06-26,Group G,Portugal,2,1,Ghana,67540,1,0,SHUKRALLA Nawaf (BHR),255931,300186476
2014-06-15,Group E,Switzerland,2,1,Ecuador,68351,0,1,Ravshan IRMATOV (UZB),255931,300186494
2010-06-24,Group E,Cameroon,1,2,Netherlands,63093,0,1,POZO Pablo (CHI),249722,300061473
2010-06-18,Group C,England,0,0,Algeria,64100,0,0,Ravshan IRMATOV (UZB),249722,300061464
2010-06-14,Group F,Italy,1,1,Paraguay,62869,0,1,ARCHUNDIA Benito (MEX),249722,300061484
2010-06-21,Group G,Portugal,7,0,Korea DPR,63644,1,0,POZO Pablo (CHI),249722,300061487
2010-06-11,Group A,Uruguay,0,0,France,64100,0,0,NISHIMURA Yuichi (JPN),249722,300061453
2010-06-13,Group D,Germany,4,0,Australia,62660,2,0,RODRIGUEZ Marco (MEX),249722,300111116
2010-06-19,Group E,Netherlands,1,0,Japan,62010,0,0,BALDASSI Hector (ARG),249722,300111117
2010-06-22,Group B,Nigeria,2,2,Korea Republic,61874,1,1,Olegario BENQUERENCA (POR),249722,300111115
2010-06-25,Group G,Portugal,0,0,Brazil,62712,0,0,ARCHUNDIA Benito (MEX),249722,300111111
2010-06-16,Group H,Spain,0,1,Switzerland,62453,0,0,WEBB Howard (ENG),249722,300111112
2010-06-12,Group B,Argentina,1,0,Nigeria,55686,1,0,Wolfgang STARK (GER),249722,300061460
2010-06-15,Group G,Brazil,2,1,Korea DPR,54331,0,0,KASSAI Viktor (HUN),249722,300061490
2010-06-24,Group F,Slovakia,3,2,Italy,53412,1,0,WEBB Howard (ENG),249722,300061480
2010-06-18,Group C,Slovenia,2,2,USA,45573,2,0,Koman COULIBALY (MLI),249722,300061463
2010-06-21,Group H,Spain,2,0,Honduras,54386,1,0,NISHIMURA Yuichi (JPN),249722,300061494
2010-06-22,Group A,France,1,2,South Africa,39415,0,2,RUIZ Oscar (COL),249722,300061449
2010-06-17,Group B,Greece,2,1,Nigeria,31593,1,1,RUIZ Oscar (COL),249722,300061457
2010-06-14,Group E,Japan,1,0,Cameroon,30620,1,0,Olegario BENQUERENCA (POR),249722,300061477
2010-06-20,Group F,Slovakia,0,2,Paraguay,26643,0,1,MAILLET Eddy (SEY),249722,300061481
2010-06-25,Group H,Switzerland,0,0,Honduras,28042,0,0,BALDASSI Hector (ARG),249722,300061492
2010-06-19,Group E,Cameroon,1,2,Denmark,38074,1,1,LARRIONDA Jorge (URU),249722,300061475
2010-06-25,Group H,Chile,1,2,Spain,41958,0,2,RODRIGUEZ Marco (MEX),249722,300061491
2010-06-13,Group D,Serbia,0,1,Ghana,38833,0,0,BALDASSI Hector (ARG),249722,300061471
2010-06-16,Group A,South Africa,0,3,Uruguay,42658,0,1,BUSACCA Massimo (SUI),249722,300061452
2010-06-23,Group C,USA,1,0,Algeria,35827,0,0,DE BLEECKERE Frank (BEL),249722,300061461
2010-06-23,Group D,Australia,2,1,Serbia,37836,0,0,LARRIONDA Jorge (URU),249722,300061467
2010-06-16,Group H,Honduras,0,1,Chile,32664,0,1,MAILLET Eddy (SEY),249722,300061495
2010-06-20,Group F,Italy,1,1,New Zealand,38229,1,1,BATRES Carlos (GUA),249722,300061482
2010-06-25,Group G,Korea DPR,0,3,Ivory Coast,34763,0,2,Alberto UNDIANO MALLENCO (ESP),249722,300061486
2010-06-13,Group C,Algeria,0,1,Slovenia,30325,0,0,BATRES Carlos (GUA),249722,300061465
2010-06-17,Group A,France,0,2,Mexico,35370,0,0,AL GHAMDI Khalil (KSA),249722,300061451
2010-06-22,Group B,Greece,0,2,Argentina,38891,0,0,Ravshan IRMATOV (UZB),249722,300061455
2010-06-24,Group F,Paraguay,0,0,New Zealand,34850,0,0,NISHIMURA Yuichi (JPN),249722,300061479
2010-06-21,Group H,Chile,1,0,Switzerland,34872,0,0,AL GHAMDI Khalil (KSA),249722,300061493
2010-06-15,Group G,Cï¿½te d'Ivoire,0,0,Portugal,37034,0,0,LARRIONDA Jorge (URU),249722,300061489
2010-06-18,Group D,Germany,0,1,Serbia,38294,0,1,Alberto UNDIANO MALLENCO (ESP),249722,300061470
2010-06-12,Group B,Korea Republic,2,0,Greece,31513,1,0,HESTER Michael (NZL),249722,300061459
2010-06-23,Group C,Slovenia,0,1,England,36893,0,1,Wolfgang STARK (GER),249722,300061462
2010-06-24,Group E,Denmark,1,3,Japan,27967,0,2,DAMON Jerome (RSA),249722,300061474
2010-06-12,Group C,England,1,1,USA,38646,1,1,SIMON Carlos (BRA),249722,300061466
2010-06-19,Group D,Ghana,1,1,Australia,34812,1,1,ROSETTI Roberto (ITA),249722,300061469
2010-06-22,Group A,Mexico,0,1,Uruguay,33425,0,1,KASSAI Viktor (HUN),249722,300061450
2010-06-15,Group F,New Zealand,1,1,Slovakia,23871,0,0,DAMON Jerome (RSA),249722,300061483
2010-06-17,Group B,Argentina,4,1,Korea Republic,82174,2,1,DE BLEECKERE Frank (BEL),249722,300061458
2010-06-20,Group G,Brazil,3,1,Ivory Coast,84455,1,0,Stephane LANNOY (FRA),249722,300061488
2010-06-23,Group D,Ghana,0,1,Germany,83391,0,0,SIMON Carlos (BRA),249722,300061468
2010-06-14,Group E,Netherlands,2,0,Denmark,83465,0,0,Stephane LANNOY (FRA),249722,300061478
2010-06-11,Group A,South Africa,1,1,Mexico,84490,0,0,Ravshan IRMATOV (UZB),249722,300061454
2010-07-11,Final,Netherlands,0,1,Spain,84490,0,0,WEBB Howard (ENG),249721,300061509
2010-07-10,Match for third place,Uruguay,2,3,Germany,36254,1,1,ARCHUNDIA Benito (MEX),249720,300061510
2010-07-06,Semi-finals,Uruguay,2,3,Netherlands,62479,1,1,Ravshan IRMATOV (UZB),249719,300061512
2010-07-07,Semi-finals,Germany,0,1,Spain,60960,0,0,KASSAI Viktor (HUN),249719,300111114
2010-07-03,Quarter-finals,Argentina,0,4,Germany,64100,0,1,Ravshan IRMATOV (UZB),249718,300061505
2010-07-03,Quarter-finals,Paraguay,0,1,Spain,55359,0,0,BATRES Carlos (GUA),249718,300061506
2010-07-02,Quarter-finals,Netherlands,2,1,Brazil,40186,0,1,NISHIMURA Yuichi (JPN),249718,300061507
2010-07-02,Quarter-finals,Uruguay,1,1,Ghana,84017,0,0,Olegario BENQUERENCA (POR),249718,300061508
2010-06-29,Round of 16,Spain,1,0,Portugal,62955,0,0,BALDASSI Hector (ARG),249717,300061498
2010-06-28,Round of 16,Netherlands,2,1,Slovakia,61962,1,0,Alberto UNDIANO MALLENCO (ESP),249717,300111113
2010-06-28,Round of 16,Brazil,3,0,Chile,54096,2,0,WEBB Howard (ENG),249717,300061500
2010-06-27,Round of 16,Germany,4,1,England,40510,2,1,LARRIONDA Jorge (URU),249717,300061501
2010-06-29,Round of 16,Paraguay,0,0,Japan,36742,0,0,DE BLEECKERE Frank (BEL),249717,300061497
2010-06-26,Round of 16,Uruguay,2,1,Korea Republic,30597,1,0,Wolfgang STARK (GER),249717,300061504
2010-06-26,Round of 16,USA,1,2,Ghana,34976,0,0,KASSAI Viktor (HUN),249717,300061503
2010-06-27,Round of 16,Argentina,3,1,Mexico,84377,2,0,ROSETTI Roberto (ITA),249717,300061502
1934-06-03,Semi-finals,Czechoslovakia,3,1,Germany,15000,1,0,BARLASSINA Rinaldo (ITA),3492,1130
1934-06-03,Semi-finals,Italy,1,0,Austria,35000,1,0,EKLIND Ivan (SWE),3492,1107
1934-06-07,Match for third place,Germany,3,2,Austria,7000,3,1,CARRARO Albino (ITA),3491,1105
1934-06-10,Final,Italy,2,1,Czechoslovakia,55000,0,0,EKLIND Ivan (SWE),3490,1134
1938-06-16,Semi-finals,Hungary,5,1,Sweden,20000,3,1,LECLERCQ Lucien (FRA),3489,1176
1938-06-16,Semi-finals,Italy,2,1,Brazil,33000,0,0,WUETHRICH Hans (SUI),3489,1149
1938-06-19,Match for third place,Brazil,4,2,Sweden,12000,1,2,LANGENUS Jean (BEL),3488,1151
1938-06-19,Final,Italy,4,2,Hungary,45000,3,1,CAPDEVILLE Georges (FRA),3487,1174
1954-07-03,Match for third place,Austria,3,1,Uruguay,32000,1,1,WYSSLING Paul (SUI),3485,1239
1954-07-04,Final,Germany FR,3,2,Hungary,62500,2,2,LING William (ENG),3484,1278
1958-06-28,Match for third place,France,6,3,Germany FR,32483,3,1,BROZZI Juan (ARG),3483,1382
1958-06-29,Final,Brazil,5,2,Sweden,49737,2,1,GUIGUE Maurice (FRA),3482,1343
1962-06-16,Match for third place,Chile,1,0,Yugoslavia,66697,0,0,GARDEAZABAL Juan (ESP),3481,1475
1962-06-17,Final,Brazil,3,1,Czechoslovakia,68679,1,1,LATYCHEV Nikolaj (URS),3480,1463
1966-07-28,Match for third place,Portugal,2,1,Soviet Union,87696,1,1,DAGNALL Kenneth (ENG),3479,1709
1966-07-30,Final,England,4,2,Germany FR,96924,0,0,DIENST Gottfried (SUI),3478,1633
1970-06-20,Match for third place,Germany FR,1,0,Uruguay,104403,1,0,SBARDELLA Antonio (ITA),3477,1843
1970-06-21,Final,Brazil,4,1,Italy,107412,1,1,GLOECKNER Rudolf (GDR),3476,1765
1982-07-11,Final,Italy,3,1,Germany FR,90000,0,0,COELHO Arnaldo (BRA),3475,923
1986-06-25,Semi-finals,Argentina,2,0,Belgium,114500,0,0,MARQUEZ RAMIREZ Antonio (MEX),3469,388
1986-06-25,Semi-finals,France,0,2,Germany FR,45000,0,1,AGNOLIN Luigi (ITA),3469,564
1986-06-28,Match for third place,France,4,2,Belgium,21000,0,0,COURTNEY George (ENG),3468,422
1986-06-29,Final,Argentina,3,2,Germany FR,114600,1,0,ARPPI FILHO Romualdo (BRA),3467,393
1990-07-03,Semi-finals,Italy,1,1,Argentina,59978,0,0,VAUTROT Michel (FRA),3464,28
1990-07-04,Semi-finals,Germany FR,1,1,England,62628,0,0,RAMIZ WRIGHT Jose (BRA),3464,159
1990-07-07,Match for third place,Italy,2,1,England,51426,0,0,QUINIOU Joel (FRA),3463,162
1990-07-08,Final,Germany FR,1,0,Argentina,73603,0,0,CODESAL MENDEZ Edgardo (MEX),3462,27
1994-07-13,Semi-finals,Bulgaria,1,2,Italy,74110,1,2,QUINIOU Joel (FRA),3461,3100
1994-07-13,Semi-finals,Sweden,0,1,Brazil,91856,0,0,TORRES CADENA Jose Joaquin (COL),3461,3099
1994-07-16,Match for third place,Sweden,4,0,Bulgaria,91500,4,0,BUJSAIM Ali (UAE),3460,3103
1994-07-17,Final,Brazil,0,0,Italy,94194,0,0,PUHL Sandor (HUN),3459,3104
1998-07-11,Match for third place,Netherlands,1,2,Croatia,45500,1,2,GONZALEZ CHAVEZ Epifanio (PAR),1028,8787
1998-07-12,Final,Brazil,0,3,France,80000,0,2,BELQOLA Said (MAR),1027,8788
1998-07-08,Semi-finals,France,2,1,Croatia,76000,0,0,GARCIA ARANDA Jose Maria (ESP),1026,8786
1998-07-07,Semi-finals,Brazil,1,1,Netherlands,54000,0,0,BUJSAIM Ali (UAE),1026,8785
1998-07-03,Quarter-finals,Brazil,3,2,Denmark,35500,2,1,EL GHANDOUR Gamal (EGY),1025,8782
1998-07-03,Quarter-finals,Italy,0,0,France,77000,0,0,DALLAS Hugh (SCO),1025,8781
1998-07-04,Quarter-finals,Germany,0,3,Croatia,39100,0,1,PEDERSEN Rune (NOR),1025,8783
1998-07-04,Quarter-finals,Netherlands,2,1,Argentina,55000,1,1,BRIZIO CARTER Arturo (MEX),1025,8784
1998-06-29,Round of 16,Germany,2,1,Mexico,29800,0,0,MELO PEREIRA Vitor (POR),1024,8777
1998-06-27,Round of 16,Brazil,4,1,Chile,45500,3,0,BATTA Marc (FRA),1024,8773
1998-06-28,Round of 16,Nigeria,1,4,Denmark,77000,0,2,MEIER Urs (SUI),1024,8775
1998-06-30,Round of 16,Romania,0,1,Croatia,31800,0,1,CASTRILLI Javier (ARG),1024,8780
1998-06-28,Round of 16,France,1,0,Paraguay,31800,0,0,BUJSAIM Ali (UAE),1024,8776
1998-06-30,Round of 16,Argentina,2,2,England,30600,0,0,NIELSEN Kim Milton (DEN),1024,8779
1998-06-29,Round of 16,Netherlands,2,1,Yugoslavia,33500,1,0,GARCIA ARANDA Jose Maria (ESP),1024,8778
1998-06-27,Round of 16,Italy,1,0,Norway,55000,1,0,HEYNEMANN Bernd (GER),1024,8774
1998-06-16,Group A,Brazil,3,0,Morocco,35500,2,0,LEVNIKOV Nikolai (RUS),1014,8742
1998-06-23,Group B,Chile,1,1,Cameroon,35500,1,0,VAGNER Laszlo (HUN),1014,8760
1998-06-20,Group H,Japan,0,1,Croatia,35500,0,0,RAMDHAN Ramesh (TRI),1014,8751
1998-06-13,Group D,Spain,2,3,Nigeria,35500,1,1,BAHARMAST Esse (USA),1014,8731
1998-06-25,Group F,USA,0,1,Yugoslavia,35500,0,1,EL GHANDOUR Gamal (EGY),1014,8768
1998-06-22,Group G,Colombia,1,0,Tunisia,29800,0,0,HEYNEMANN Bernd (GER),1014,8755
1998-06-25,Group F,Germany,2,0,Iran,29800,0,0,GONZALEZ CHAVEZ Epifanio (PAR),1014,8767
1998-06-17,Group B,Italy,3,0,Cameroon,29800,1,0,LENNIE Edward (AUS),1014,8744
1998-06-10,Group A,Morocco,2,2,Norway,29800,1,1,ANPRASERT Pirom (THA),1014,8725
1998-06-12,Group D,Paraguay,0,0,Bulgaria,29800,0,0,ALZEID Abdulrahman (KSA),1014,8728
1998-06-21,Group H,Argentina,5,0,Jamaica,45500,1,0,PEDERSEN Rune (NOR),1014,8752
1998-06-25,Group E,Belgium,1,1,Korea Republic,45500,1,0,REZENDE Marcio (BRA),1014,8765
1998-06-15,Group F,Germany,2,0,USA,45500,1,0,BELQOLA Said (MAR),1014,8738
1998-06-19,Group D,Nigeria,1,0,Bulgaria,45500,1,0,SANCHEZ YANTEN Mario (CHI),1014,8747
1998-06-10,Group A,Brazil,2,1,Scotland,80000,1,1,GARCIA ARANDA Jose Maria (ESP),1014,4000
1998-06-18,Group C,France,4,0,Saudi Arabia,80000,1,0,BRIZIO CARTER Arturo (MEX),1014,8745
1998-06-23,Group B,Italy,2,1,Austria,80000,0,0,DURKIN Paul (ENG),1014,8757
1998-06-13,Group E,Netherlands,0,0,Belgium,77000,0,0,COLLINA Pierluigi (ITA),1014,8733
1998-06-26,Group G,Romania,1,1,Tunisia,77000,0,1,LENNIE Edward (AUS),1014,8769
1998-06-24,Group C,France,2,1,Denmark,39100,1,1,COLLINA Pierluigi (ITA),1014,8762
1998-06-26,Group H,Japan,1,2,Jamaica,39100,0,1,BENKO Gunter (AUT),1014,8771
1998-06-13,Group E,Korea Republic,1,3,Mexico,39100,1,0,BENKO Gunter (AUT),1014,8732
1998-06-15,Group G,Romania,1,0,Colombia,39100,1,0,LIM KEE CHONG An Yan (MRI),1014,8739
1998-06-21,Group F,USA,1,2,Iran,39100,0,1,MEIER Urs (SUI),1014,8754
1998-06-26,Group H,Argentina,1,0,Croatia,31800,1,0,BELQOLA Said (MAR),1014,8772
1998-06-20,Group E,Belgium,2,2,Mexico,31800,1,0,DALLAS Hugh (SCO),1014,8750
1998-06-11,Group B,Italy,2,2,Chile,31800,1,1,BOUCHARDEAU Lucien (NIG),1014,8726
1998-06-16,Group A,Scotland,1,1,Norway,31800,0,0,VAGNER Laszlo (HUN),1014,8741
1998-06-24,Group C,South Africa,2,2,Saudi Arabia,31800,1,1,SANCHEZ YANTEN Mario (CHI),1014,8764
1998-06-26,Group G,Colombia,0,2,England,38100,0,2,BRIZIO CARTER Arturo (MEX),1014,8770
1998-06-21,Group F,Germany,2,2,Yugoslavia,38100,0,1,NIELSEN Kim Milton (DEN),1014,8753
1998-06-14,Group H,Jamaica,1,3,Croatia,38100,1,1,MELO PEREIRA Vitor (POR),1014,8736
1998-06-12,Group C,Saudi Arabia,0,1,Denmark,38100,0,0,CASTRILLI Javier (ARG),1014,8729
1998-06-24,Group D,Spain,6,1,Bulgaria,38100,2,0,VAN DER ENDE Mario (NED),1014,8761
1998-06-17,Group B,Chile,1,1,Austria,30600,0,0,EL GHANDOUR Gamal (EGY),1014,8743
1998-06-25,Group E,Netherlands,2,2,Mexico,30600,2,0,ALZEID Abdulrahman (KSA),1014,8766
1998-06-23,Group A,Scotland,0,3,Morocco,30600,0,1,BUJSAIM Ali (UAE),1014,8758
1998-06-19,Group D,Spain,0,0,Paraguay,30600,0,0,McLEOD Ian (RSA),1014,8748
1998-06-14,Group F,Yugoslavia,1,0,Iran,30600,0,0,TEJADA NORIEGA Alberto (PER),1014,8735
1998-06-14,Group H,Argentina,1,0,Japan,33500,1,0,VAN DER ENDE Mario (NED),1014,8734
1998-06-11,Group B,Cameroon,1,1,Austria,33500,0,0,GONZALEZ CHAVEZ Epifanio (PAR),1014,8727
1998-06-24,Group D,Nigeria,1,3,Paraguay,33500,1,1,ANPRASERT Pirom (THA),1014,8763
1998-06-22,Group G,Romania,2,1,England,33500,0,0,BATTA Marc (FRA),1014,8756
1998-06-18,Group C,South Africa,1,1,Denmark,33500,0,1,TORO RENDON John (COL),1014,8746
1998-06-23,Group A,Brazil,1,2,Norway,55000,0,0,BAHARMAST Esse (USA),1014,8759
1998-06-15,Group G,England,2,0,Tunisia,55000,1,0,OKADA Masayoshi (JPN),1014,8740
1998-06-12,Group C,France,3,0,South Africa,55000,1,0,REZENDE Marcio (BRA),1014,8730
1998-06-20,Group E,Netherlands,5,0,Korea Republic,55000,2,0,WOJCIK Ryszard (POL),1014,8749
1994-07-09,Quarter-finals,Netherlands,2,3,Brazil,63500,0,0,BADILLA Rodrigo (CRC),796,3098
1994-07-09,Quarter-finals,Italy,2,1,Spain,53400,1,0,PUHL Sandor (HUN),796,3097
1994-07-10,Quarter-finals,Bulgaria,2,1,Germany,72000,0,0,TORRES CADENA Jose Joaquin (COL),796,3096
1994-07-10,Quarter-finals,Romania,2,2,Sweden,83500,0,0,DON Philip (ENG),796,3095
1990-06-30,Quarter-finals,Yugoslavia,0,0,Argentina,38971,0,0,ROETHLISBERGER Kurt (SUI),751,31
1990-07-01,Quarter-finals,Germany FR,1,0,Czechoslovakia,73347,1,0,KOHL Helmut (AUT),751,197
1990-07-01,Quarter-finals,England,3,2,Cameroon,55205,0,0,CODESAL MENDEZ Edgardo (MEX),751,103
1990-06-30,Quarter-finals,Italy,1,0,Republic of Ireland,73303,1,0,SILVA VALENTE Carlos Alberto (POR),751,243
1986-06-22,Quarter-finals,Spain,1,1,Belgium,45000,0,0,KIRSCHEN Siegfried (GER),714,421
1986-06-22,Quarter-finals,Argentina,2,1,England,114580,0,0,BENNACEUR Ali (TUN),714,392
1986-06-21,Quarter-finals,Germany FR,0,0,Mexico,41700,0,0,DIAZ PALACIO Jesus (COL),714,575
1986-06-21,Quarter-finals,Brazil,1,1,France,65000,0,0,IGNA Ioan (ROU),714,440
1982-07-10,Match for third place,Poland,3,2,France,28000,2,1,GARRIDO Antonio (POR),676,921
1978-06-25,Final,Argentina,3,1,Netherlands,71483,0,0,GONELLA Sergio (ITA),639,2198
1974-07-07,Final,Netherlands,1,2,Germany FR,78200,1,2,TAYLOR John (ENG),605,2063
1970-06-17,Semi-finals,Italy,4,3,Germany FR,102444,0,0,YAMASAKI MALDONADO Arturo (MEX),569,1838
1970-06-17,Semi-finals,Brazil,3,1,Uruguay,51261,1,1,ORTIZ DE MENDIBIL Jose Maria (ESP),569,1771
1966-07-25,Semi-finals,Germany FR,2,1,Soviet Union,38273,1,0,LO BELLO Concetto (ITA),536,1659
1966-07-26,Semi-finals,England,2,1,Portugal,94493,1,0,SCHWINTE Pierre (FRA),536,1635
1962-06-13,Semi-finals,Czechoslovakia,3,1,Yugoslavia,5890,0,0,DIENST Gottfried (SUI),514,1559
1962-06-13,Semi-finals,Brazil,4,2,Chile,76594,2,1,YAMASAKI MALDONADO Arturo (MEX),514,1458
1958-06-24,Semi-finals,Sweden,3,1,Germany FR,49471,1,1,ZSOLT Istvan (HUN),488,1390
1958-06-24,Semi-finals,Brazil,5,2,France,27100,2,1,GRIFFITHS Benjamin (WAL),488,1340
1954-06-30,Semi-finals,Hungary,4,2,Uruguay,45000,0,0,GRIFFITHS Benjamin (WAL),462,1295
1954-06-30,Semi-finals,Germany FR,6,1,Austria,58000,1,0,ORLANDINI Vincenzo (ITA),462,1233
1938-06-12,Quarter-finals,Sweden,8,0,Cuba,7000,4,0,KRIST Gustav (TCH),429,1158
1938-06-12,Quarter-finals,Brazil,1,1,Czechoslovakia,22021,0,0,VON HERTZKA Pal (HUN),429,1152
1938-06-14,Quarter-finals,Brazil,2,1,Czechoslovakia,18141,0,1,CAPDEVILLE Georges (FRA),429,1153
1938-06-12,Quarter-finals,Italy,3,1,France,58455,1,1,BAERT Louis (BEL),429,1164
1938-06-12,Quarter-finals,Hungary,2,0,Switzerland,15000,1,0,BARLASSINA Rinaldo (ITA),429,1175
1934-05-31,Quarter-finals,Italy,1,1,Spain,35000,0,0,BAERT Louis (BEL),418,1122
1934-06-01,Quarter-finals,Italy,1,0,Spain,43000,1,0,MERCET Rene (SUI),418,1123
1934-05-31,Quarter-finals,Austria,2,1,Hungary,23000,1,0,MATTEA Francesco (ITA),418,1106
1934-05-31,Quarter-finals,Germany,2,1,Sweden,3000,0,0,BARLASSINA Rinaldo (ITA),418,1129
1934-05-31,Quarter-finals,Czechoslovakia,3,2,Switzerland,12000,1,1,BERANEK Alois (AUT),418,1143
1930-07-30,Final,Uruguay,4,2,Argentina,68346,1,2,LANGENUS Jean (BEL),405,1087
1994-07-04,Round of 16,Netherlands,2,0,Republic of Ireland,61355,2,0,MIKKELSEN Peter (DEN),338,3089
1994-07-03,Round of 16,Saudi Arabia,1,3,Sweden,60277,0,1,MARSIGLIA Renato (BRA),338,3087
1994-07-05,Round of 16,Nigeria,1,2,Italy,54367,0,0,BRIZIO CARTER Arturo (MEX),338,3091
1994-07-05,Round of 16,Mexico,1,1,Bulgaria,71030,0,0,AL SHARIF Jamal (SYR),338,3092
1994-07-02,Round of 16,Spain,3,0,Switzerland,53121,1,0,VAN DER ENDE Mario (NED),338,3086
1994-07-03,Round of 16,Romania,3,2,Argentina,90469,2,1,PAIRETTO Pierluigi (ITA),338,3088
1994-07-02,Round of 16,Germany,3,2,Belgium,60246,3,1,ROETHLISBERGER Kurt (SUI),338,3085
1994-07-04,Round of 16,Brazil,1,0,USA,84147,0,0,QUINIOU Joel (FRA),338,3090
1994-06-19,Group F,Belgium,1,0,Morocco,61219,1,0,TORRES CADENA Jose Joaquin (COL),337,3054
1994-06-25,Group F,Belgium,1,0,Netherlands,62387,0,0,MARSIGLIA Renato (BRA),337,3069
1994-06-24,Group E,Mexico,2,1,Republic of Ireland,60790,1,0,ROETHLISBERGER Kurt (SUI),337,3066
1994-06-29,Group F,Morocco,1,2,Netherlands,60578,0,1,TEJADA NORIEGA Alberto (PER),337,3081
1994-06-30,Group D,Argentina,0,2,Bulgaria,63998,0,0,JOUINI Neji (TUN),337,3084
1994-06-27,Group C,Germany,3,2,Korea Republic,63998,3,0,QUINIOU Joel (FRA),337,3076
1994-06-21,Group D,Nigeria,3,0,Bulgaria,44132,2,0,BADILLA Rodrigo (CRC),337,3061
1994-06-17,Group C,Spain,2,2,Korea Republic,56247,0,0,MIKKELSEN Peter (DEN),337,3050
1994-06-21,Group D,Argentina,4,0,Greece,54456,2,0,ANGELES Arturo (USA),337,3059
1994-06-25,Group D,Argentina,2,1,Nigeria,54453,2,1,KARLSSON Bo (SWE),337,3071
1994-06-30,Group D,Greece,0,2,Nigeria,53001,0,1,MOTTRAM Leslie (SCO),337,3083
1994-06-23,Group C,Korea Republic,0,0,Bolivia,54453,0,0,MOTTRAM Leslie (SCO),337,3065
1994-06-28,Group E,Republic of Ireland,0,0,Norway,72404,0,0,TORRES CADENA Jose Joaquin (COL),337,3077
1994-06-18,Group E,Italy,0,1,Republic of Ireland,75338,0,1,VAN DER ENDE Mario (NED),337,3052
1994-06-23,Group E,Italy,1,0,Norway,74624,0,0,KRUG Hellmut (GER),337,3064
1994-06-25,Group F,Saudi Arabia,2,1,Morocco,76322,2,1,DON Philip (ENG),337,3070
1994-06-28,Group B,Brazil,1,1,Sweden,77217,0,1,PUHL Sandor (HUN),337,3080
1994-06-22,Group A,Romania,1,4,Switzerland,61428,1,1,JOUINI Neji (TUN),337,3062
1994-06-24,Group B,Sweden,3,1,Russia,71528,1,1,QUINIOU Joel (FRA),337,3068
1994-06-18,Group A,USA,1,1,Switzerland,73425,1,1,LAMOLINA Francisco Oscar (ARG),337,3051
1994-06-29,Group F,Belgium,0,1,Saudi Arabia,52959,0,1,KRUG Hellmut (GER),337,3082
1994-06-28,Group E,Italy,1,1,Mexico,52535,0,0,LAMOLINA Francisco Oscar (ARG),337,3078
1994-06-20,Group F,Netherlands,2,1,Saudi Arabia,50535,0,1,DIAZ VEGA Manuel (ESP),337,3058
1994-06-19,Group E,Norway,1,0,Mexico,52395,0,0,PUHL Sandor (HUN),337,3055
1994-06-19,Group B,Cameroon,2,2,Sweden,93194,1,1,TEJADA NORIEGA Alberto (PER),337,3056
1994-06-18,Group A,Colombia,1,3,Romania,91856,1,2,AL SHARIF Jamal (SYR),337,3053
1994-06-22,Group A,USA,2,1,Colombia,93869,1,0,BALDAS Fabio (ITA),337,3063
1994-06-26,Group A,USA,0,1,Romania,93869,0,1,VAN DER ENDE Mario (NED),337,3073
1994-06-27,Group C,Bolivia,1,3,Spain,63089,0,1,BADILLA Rodrigo (CRC),337,3075
1994-06-26,Group D,Bulgaria,4,0,Greece,63160,1,0,BUJSAIM Ali (UAE),337,3072
1994-06-17,Group C,Germany,1,0,Bolivia,63117,0,0,BRIZIO CARTER Arturo (MEX),337,3049
1994-06-21,Group C,Germany,1,1,Spain,63113,0,1,FILIPPI Ernesto (URU),337,3060
1994-06-20,Group B,Brazil,2,0,Russia,81061,1,0,LIM KEE CHONG An Yan (MRI),337,3057
1994-06-24,Group B,Brazil,3,0,Cameroon,83401,1,0,BRIZIO CARTER Arturo (MEX),337,3067
1994-06-28,Group B,Russia,6,1,Cameroon,74914,3,0,AL SHARIF Jamal (SYR),337,3079
1994-06-26,Group A,Switzerland,0,2,Colombia,83401,0,1,MIKKELSEN Peter (DEN),337,3074
1990-06-24,Round of 16,Germany FR,2,1,Netherlands,74559,0,0,LOUSTAU Juan (ARG),323,196
1990-06-25,Round of 16,Republic of Ireland,0,0,Romania,31818,0,0,RAMIZ WRIGHT Jose (BRA),323,248
1990-06-26,Round of 16,Spain,1,2,Yugoslavia,35500,0,0,SCHMIDHUBER Aron (GER),323,181
1990-06-26,Round of 16,England,1,0,Belgium,34520,0,0,MIKKELSEN Peter (DEN),323,55
1990-06-23,Round of 16,Cameroon,2,1,Colombia,50026,0,0,LANESE Tullio (ITA),323,102
1990-06-24,Round of 16,Brazil,0,1,Argentina,61381,0,0,QUINIOU Joel (FRA),323,25
1990-06-25,Round of 16,Italy,2,0,Uruguay,73303,0,0,COURTNEY George (ENG),323,264
1990-06-23,Round of 16,Czechoslovakia,4,1,Costa Rica,47673,1,0,KIRSCHEN Siegfried (GER),323,129
1990-06-15,Group A,Austria,0,1,Czechoslovakia,38962,0,1,SMITH George (SCO),322,43
1990-06-19,Group A,Austria,2,1,USA,34857,0,0,AL SHARIF Jamal (SYR),322,48
1990-06-10,Group A,USA,1,5,Czechoslovakia,33266,0,2,ROETHLISBERGER Kurt (SUI),322,355
1990-06-17,Group E,Korea Republic,1,3,Spain,32733,1,1,JACOME GUERRERO Elias V. (ECU),322,175
1990-06-13,Group E,Uruguay,0,0,Spain,35713,0,0,KOHL Helmut (AUT),322,180
1990-06-17,Group F,Republic of Ireland,0,0,Egypt,33288,0,0,VAN LANGENHOVE Marcel (BEL),322,152
1990-06-21,Group F,Republic of Ireland,1,1,Netherlands,33288,0,1,VAUTROT Michel (FRA),322,228
1990-06-12,Group F,Netherlands,1,1,Egypt,33288,0,0,SORIANO ALADREN Emilio (ESP),322,151
1990-06-21,Group E,Korea Republic,0,1,Uruguay,29039,0,0,LANESE Tullio (ITA),322,290
1990-06-08,Group B,Argentina,0,1,Cameroon,73780,0,0,VAUTROT Michel (FRA),322,26
1990-06-10,Group D,Germany FR,4,1,Yugoslavia,74765,2,0,MIKKELSEN Peter (DEN),322,201
1990-06-15,Group D,Germany FR,5,1,United Arab Emirates,71169,2,0,SPIRIN Alexey (RUS),322,198
1990-06-19,Group D,Germany FR,1,1,Colombia,72510,0,0,SNODDY Alan (NIR),322,114
1990-06-11,Group C,Costa Rica,1,0,Scotland,30867,0,0,LOUSTAU Juan (ARG),322,127
1990-06-16,Group C,Sweden,1,2,Scotland,31823,0,1,MACIEL Carlos (PAR),322,348
1990-06-20,Group C,Sweden,1,2,Costa Rica,30223,1,0,PETROVIC Zoran (SRB),322,128
1990-06-12,Group E,Belgium,2,0,Korea Republic,32790,0,0,MAURO Vincent (USA),322,57
1990-06-17,Group E,Belgium,3,1,Uruguay,33759,2,0,KIRSCHEN Siegfried (GER),322,66
1990-06-21,Group E,Belgium,1,2,Spain,35950,1,2,LOUSTAU Juan (ARG),322,56
1990-06-09,Group D,United Arab Emirates,0,2,Colombia,30791,0,0,COURTNEY George (ENG),322,119
1990-06-14,Group D,Yugoslavia,1,0,Colombia,32257,0,0,AGNOLIN Luigi (ITA),322,120
1990-06-19,Group D,Yugoslavia,4,1,United Arab Emirates,27833,2,1,TAKADA Shizuo (JPN),322,364
1990-06-13,Group B,Argentina,2,0,Soviet Union,55759,1,0,FREDRIKSSON Erik (SWE),322,30
1990-06-18,Group B,Argentina,1,1,Romania,52733,0,0,SILVA VALENTE Carlos Alberto (POR),322,29
1990-06-11,Group F,England,1,1,Republic of Ireland,35238,1,0,SCHMIDHUBER Aron (GER),322,161
1990-06-16,Group F,England,0,0,Netherlands,35267,0,0,PETROVIC Zoran (SRB),322,160
1990-06-21,Group F,England,1,0,Egypt,34959,0,0,ROETHLISBERGER Kurt (SUI),322,150
1990-06-10,Group C,Brazil,2,1,Sweden,62628,1,0,LANESE Tullio (ITA),322,75
1990-06-16,Group C,Brazil,1,0,Costa Rica,58007,1,0,JOUINI Neji (TUN),322,73
1990-06-20,Group C,Brazil,1,0,Scotland,62502,0,0,KOHL Helmut (AUT),322,74
1990-06-09,Group A,Italy,1,0,Austria,73303,0,0,RAMIZ WRIGHT Jose (BRA),322,42
1990-06-14,Group A,Italy,1,0,USA,73423,1,0,CODESAL MENDEZ Edgardo (MEX),322,265
1990-06-19,Group A,Italy,2,0,Czechoslovakia,73303,1,0,QUINIOU Joel (FRA),322,263
1990-06-14,Group B,Cameroon,2,1,Romania,38687,0,0,SILVA ARCE Hernan (CHI),322,108
1990-06-18,Group B,Cameroon,0,4,Soviet Union,37307,0,2,RAMIZ WRIGHT Jose (BRA),322,111
1990-06-09,Group B,Soviet Union,0,2,Romania,42907,0,1,CARDELLINO DE SAN VICENTE Juan (URU),322,342
1986-06-16,Round of 16,Argentina,1,0,Uruguay,26000,1,0,AGNOLIN Luigi (ITA),309,398
1986-06-18,Round of 16,England,3,0,Paraguay,98728,1,0,AL SHARIF Jamal (SYR),309,536
1986-06-15,Round of 16,Mexico,2,0,Bulgaria,114580,1,0,ARPPI FILHO Romualdo (BRA),309,463
1986-06-18,Round of 16,Denmark,1,5,Spain,38500,1,1,KEIZER Jan (NED),309,511
1986-06-17,Round of 16,Italy,0,2,France,70000,0,1,ESPOSITO Carlos (ARG),309,568
1986-06-17,Round of 16,Morocco,0,1,Germany FR,19800,0,0,PETROVIC Zoran (SRB),309,574
1986-06-16,Round of 16,Brazil,4,0,Poland,45000,1,0,ROTH Volker (GER),309,444
1986-06-15,Round of 16,Soviet Union,3,4,Belgium,32277,0,0,FREDRIKSSON Erik (SWE),309,432
1986-06-08,Group B,Iraq,1,2,Belgium,20000,0,2,DIAZ PALACIO Jesus (COL),308,427
1986-06-04,Group B,Paraguay,1,0,Iraq,24000,1,0,PICON-ACKONG Edwin (MRI),308,628
1986-06-11,Group B,Paraguay,2,2,Belgium,16000,0,1,DOTCHEV Bogdan (BUL),308,429
1986-06-05,Group A,Italy,1,1,Argentina,32000,1,1,KEIZER Jan (NED),308,394
1986-06-10,Group A,Korea Republic,2,3,Italy,20000,0,1,SOCHA David (USA),308,643
1986-06-03,Group B,Belgium,1,2,Mexico,110000,1,2,ESPOSITO Carlos (ARG),308,428
1986-05-31,Group A,Bulgaria,1,1,Italy,96000,0,1,FREDRIKSSON Erik (SWE),308,459
1986-06-11,Group B,Iraq,0,1,Mexico,103763,0,0,PETROVIC Zoran (SRB),308,627
1986-06-07,Group B,Mexico,1,1,Paraguay,114600,1,0,COURTNEY George (ENG),308,680
1986-06-13,Group E,Denmark,2,0,Germany FR,36000,1,0,PONNET Alexis (BEL),308,512
1986-06-08,Group E,Germany FR,2,1,Scotland,30000,1,1,IGNA Ioan (ROU),308,580
1986-06-04,Group E,Uruguay,1,1,Germany FR,30500,1,0,CHRISTOV Vojtech (TCH),308,585
1986-06-06,Group C,Hungary,2,0,Canada,13800,1,0,AL SHARIF Jamal (SYR),308,475
1986-06-02,Group C,Soviet Union,6,0,Hungary,16500,3,0,AGNOLIN Luigi (ITA),308,610
1986-06-09,Group C,Soviet Union,2,0,Canada,14200,0,0,TRAORE Idrissa (MLI),308,476
1986-06-02,Group A,Argentina,3,1,Korea Republic,60000,2,0,SANCHEZ ARMINIO Victoriano (ESP),308,395
1986-06-10,Group A,Argentina,2,0,Bulgaria,65000,1,0,ULLOA MORERA Berny (CRC),308,389
1986-06-05,Group A,Korea Republic,1,1,Bulgaria,45000,0,1,AL SHANAR Fallaj Khuzam (KSA),308,460
1986-06-02,Group F,Morocco,0,0,Poland,19900,0,0,MARTINEZ BAZAN Jose Luis (URU),308,674
1986-06-07,Group F,Poland,1,0,Portugal,19915,0,0,BENNACEUR Ali (TUN),308,701
1986-06-06,Group D,Brazil,1,0,Algeria,48000,0,0,MENDEZ MOLINA Romulo (GUA),308,377
1986-06-12,Group D,Northern Ireland,0,3,Brazil,51000,0,2,KIRSCHEN Siegfried (GER),308,441
1986-06-01,Group D,Spain,0,1,Brazil,35748,0,0,BAMBRIDGE Christopher (AUS),308,439
1986-06-08,Group E,Denmark,6,1,Uruguay,26500,2,1,MARQUEZ RAMIREZ Antonio (MEX),308,522
1986-06-04,Group E,Scotland,0,1,Denmark,18000,0,0,NEMETH Lajos (HUN),308,517
1986-06-13,Group E,Scotland,0,0,Uruguay,20000,0,0,QUINIOU Joel (FRA),308,712
1986-06-01,Group C,Canada,0,1,France,65500,0,0,SILVA ARCE Hernan (CHI),308,468
1986-06-05,Group C,France,1,1,Soviet Union,36540,0,0,ARPPI FILHO Romualdo (BRA),308,571
1986-06-09,Group C,Hungary,0,3,France,31420,0,1,SILVA VALENTE Carlos Alberto (POR),308,567
1986-06-12,Group D,Algeria,0,3,Spain,23980,0,1,TAKADA Shizuo (JPN),308,378
1986-06-06,Group F,England,0,0,Morocco,20200,0,0,GONZALEZ ROA Gabriel (PAR),308,533
1986-06-11,Group F,England,3,0,Poland,22700,3,0,DAINA Andre (SUI),308,537
1986-06-03,Group F,Portugal,1,0,England,23000,0,0,ROTH Volker (GER),308,538
1986-06-03,Group D,Algeria,1,1,Northern Ireland,22000,0,1,BUTENKO Valeri (RUS),308,379
1986-06-07,Group D,Northern Ireland,1,2,Spain,28000,0,2,BRUMMEIER Horst (AUT),308,551
1986-06-11,Group F,Portugal,1,3,Morocco,28000,0,2,SNODDY Alan (NIR),308,675
1982-07-08,Semi-finals,Poland,0,2,Italy,50000,0,1,CARDELLINO DE SAN VICENTE Juan (URU),295,996
1982-07-08,Semi-finals,Germany FR,3,3,France,70000,0,0,CORVER Charles (NED),295,914
1982-07-01,Group 1,Belgium,0,1,Soviet Union,45000,0,0,VAUTROT Michel (FRA),294,783
1982-06-28,Group 1,Poland,3,0,Belgium,65000,2,0,SILES Jesus Paulino (CRC),294,782
1982-07-04,Group 1,Poland,0,0,Soviet Union,65000,0,0,VALENTINE Robert (SCO),294,1058
1982-06-29,Group 2,Germany FR,0,0,England,75000,0,0,COELHO Arnaldo (BRA),294,879
1982-07-02,Group 2,Germany FR,2,1,Spain,90089,0,0,CASARIN Paolo (ITA),294,900
1982-07-05,Group 2,Spain,0,0,England,75000,0,0,PONNET Alexis (BEL),294,877
1982-07-02,Group 3,Argentina,1,3,Brazil,44000,0,1,RUBIO VAZQUEZ Mario (MEX),294,750
1982-06-29,Group 3,Italy,2,1,Argentina,43000,0,0,RAINEA Nicolae (ROU),294,753
1982-07-05,Group 3,Italy,3,2,Brazil,44000,2,1,KLEIN Abraham (ISR),294,788
1982-06-28,Group 4,Austria,0,1,France,37000,0,1,PALOTAI Karoly (HUN),294,767
1982-07-01,Group 4,Austria,2,2,Northern Ireland,20000,0,1,PROKOP Adolf (GDR),294,771
1982-07-04,Group 4,France,4,1,Northern Ireland,37000,1,0,JARGUZ Alojzy (POL),294,920
1982-06-18,Group 6,Brazil,4,1,Scotland,47379,1,1,SILES Jesus Paulino (CRC),293,790
1982-06-23,Group 6,Brazil,4,0,New Zealand,43000,2,0,MATOVINOVIC Damir (CRO),293,789
1982-06-13,Group 3,Argentina,0,1,Belgium,95000,0,0,CHRISTOV Vojtech (TCH),293,749
1982-06-21,Group 2,Algeria,0,2,Austria,22000,0,0,BOSKOVIC Tony (AUS),293,739
1982-06-24,Group 2,Algeria,3,2,Chile,16000,3,0,MENDEZ MOLINA Romulo (GUA),293,740
1982-06-17,Group 2,Chile,0,1,Austria,22500,0,1,CARDELLINO DE SAN VICENTE Juan (URU),293,764
1982-06-16,Group 2,Germany FR,1,2,Algeria,42000,0,0,LABO REVOREDO Enrique (PER),293,741
1982-06-20,Group 2,Germany FR,4,1,Chile,42000,1,0,GALLER Bruno (SUI),293,813
1982-06-25,Group 2,Germany FR,1,0,Austria,41000,1,0,VALENTINE Robert (SCO),293,770
1982-06-14,Group 1,Italy,0,0,Poland,33000,0,0,VAUTROT Michel (FRA),293,995
1982-06-18,Group 1,Italy,1,1,Peru,25000,1,0,ESCHWEILER Walter (GER),293,994
1982-06-23,Group 1,Italy,1,1,Cameroon,20000,0,0,DOTCHEV Bogdan (BUL),293,828
1982-06-18,Group 3,Argentina,4,1,Hungary,32093,2,0,LACARNE Belaid (ALG),293,752
1982-06-23,Group 3,Argentina,2,0,El Salvador,32500,1,0,BARRANCOS Luis (BOL),293,751
1982-06-17,Group 4,Czechoslovakia,1,1,Kuwait,25000,1,0,DWOMOH Benjamin (GHA),293,1012
1982-06-21,Group 4,France,4,1,Kuwait,30043,2,0,STUPAR Miroslav (URS),293,919
1982-06-24,Group 4,France,1,1,Czechoslovakia,28000,0,0,CASARIN Paolo (ITA),293,922
1982-06-21,Group 5,Honduras,1,1,Northern Ireland,15000,0,1,CHAN Thomson Tam Sun (HKG),293,959
1982-06-24,Group 5,Honduras,0,1,Yugoslavia,25000,0,0,CASTRO Gaston (CHI),293,962
1982-06-17,Group 5,Yugoslavia,0,0,Northern Ireland,25000,0,0,FREDRIKSSON Erik (SWE),293,1044
1982-06-15,Group 6,Scotland,5,2,New Zealand,36000,3,0,SOCHA David (USA),293,1051
1982-06-19,Group 6,Soviet Union,3,0,New Zealand,19000,1,0,EL GHOUL Yusef Mohamed (LBY),293,1054
1982-06-22,Group 6,Soviet Union,2,2,Scotland,45000,0,1,RAINEA Nicolae (ROU),293,1071
1982-06-25,Group 5,Northern Ireland,1,0,Spain,49562,0,0,ORTIZ Hector (PAR),293,902
1982-06-16,Group 5,Spain,1,1,Honduras,49562,0,1,ITHURRALDE Arturo Andres (ARG),293,901
1982-06-20,Group 5,Spain,2,1,Yugoslavia,48000,1,1,LUND-SORENSEN Henning (DEN),293,903
1982-06-19,Group 3,Belgium,1,0,El Salvador,15000,1,0,MOFFATT Malcolm (NIR),293,774
1982-06-22,Group 3,Belgium,1,1,Hungary,37000,0,1,WHITE Clive (ENG),293,779
1982-06-15,Group 3,Hungary,10,1,El Salvador,23000,3,0,AL DOY Ebrahim (BHR),293,896
1982-06-14,Group 6,Brazil,2,1,Soviet Union,68000,0,1,LAMO CASTILLO Augusto (ESP),293,791
1982-06-15,Group 1,Peru,0,0,Cameroon,11000,0,0,WOEHRER Franz (AUT),293,833
1982-06-19,Group 1,Poland,0,0,Cameroon,19000,0,0,PONNET Alexis (BEL),293,834
1982-06-22,Group 1,Poland,5,1,Peru,25000,0,0,RUBIO VAZQUEZ Mario (MEX),293,1055
1982-06-16,Group 4,England,3,1,France,44172,1,1,GARRIDO Antonio (POR),293,878
1982-06-20,Group 4,England,2,0,Czechoslovakia,41123,0,0,CORVER Charles (NED),293,889
1982-06-25,Group 4,England,1,0,Kuwait,39700,1,0,ARISTIZABAL MURCIA Gilberto (COL),293,882
1978-06-24,Match for third place,Brazil,2,1,Italy,69659,0,1,KLEIN Abraham (ISR),280,2247
1978-06-14,Group B,Argentina,2,0,Poland,37091,1,0,ERIKSSON Ulf (SWE),279,2202
1978-06-18,Group B,Argentina,0,0,Brazil,37326,0,0,PALOTAI Karoly (HUN),279,2196
1978-06-21,Group B,Argentina,6,0,Peru,37315,2,0,WURTZ Robert (FRA),279,2201
1978-06-14,Group A,Germany FR,0,0,Italy,67547,0,0,MAKSIMOVIC Dusan (SCG),279,2349
1978-06-18,Group A,Italy,1,0,Austria,66695,1,0,RION Francis (BEL),279,2221
1978-06-21,Group A,Netherlands,2,1,Italy,67433,0,1,MARTINEZ Angel (ESP),279,2391
1978-06-21,Group A,Austria,3,2,Germany FR,38318,0,1,KLEIN Abraham (ISR),279,2217
1978-06-18,Group A,Germany FR,2,2,Netherlands,40750,1,1,BARRETO RUIZ Ramon (URU),279,2348
1978-06-14,Group A,Netherlands,5,1,Austria,25050,3,0,GORDON John (SCO),279,2220
1978-06-14,Group B,Brazil,3,0,Peru,31278,2,0,RAINEA Nicolae (ROU),279,2251
1978-06-21,Group B,Brazil,3,1,Poland,39586,1,1,SILVAGNO CAVANNA Juan (CHI),279,2252
1978-06-18,Group B,Poland,1,0,Peru,35288,0,0,PARTRIDGE Pat (ENG),279,2450
1978-06-06,Group 2,Poland,1,0,Tunisia,9624,1,0,MARTINEZ Angel (ESP),278,2454
1978-06-10,Group 2,Poland,3,1,Mexico,22651,1,0,NAMDAR Jafar (IRN),278,2431
1978-06-02,Group 2,Tunisia,3,1,Mexico,17396,0,1,GORDON John (SCO),278,2433
1978-06-02,Group 1,Argentina,2,1,Hungary,71615,1,1,GARRIDO Antonio (POR),278,2199
1978-06-06,Group 1,Argentina,2,1,France,71666,1,0,DUBACH Jean (SUI),278,2197
1978-06-01,Group 2,Germany FR,0,0,Poland,67579,0,0,COEREZZA Norberto Angel (ARG),278,2351
1978-06-10,Group 1,Italy,1,0,Argentina,71712,0,0,KLEIN Abraham (ISR),278,2200
1978-06-07,Group 3,Brazil,0,0,Spain,34771,0,0,GONELLA Sergio (ITA),278,2246
1978-06-11,Group 3,Brazil,1,0,Austria,35221,1,0,WURTZ Robert (FRA),278,2215
1978-06-10,Group 1,France,3,1,Hungary,23127,3,1,COELHO Arnaldo (BRA),278,2344
1978-06-02,Group 1,Italy,2,1,France,42373,1,1,RAINEA Nicolae (ROU),278,2347
1978-06-06,Group 1,Italy,3,1,Hungary,26533,2,0,BARRETO RUIZ Ramon (URU),278,2396
1978-06-03,Group 3,Sweden,1,1,Brazil,32569,1,1,THOMAS Clive (WAL),278,2253
1978-06-06,Group 2,Germany FR,6,0,Mexico,35258,4,0,BOUZO Farouk (SYR),278,2350
1978-06-10,Group 2,Germany FR,0,0,Tunisia,30667,0,0,OROZCO GUERRERO Cesar (PER),278,2352
1978-06-03,Group 4,Peru,3,1,Scotland,37927,1,1,ERIKSSON Ulf (SWE),278,2451
1978-06-11,Group 4,Peru,4,1,Iran,21262,3,1,JARGUZ Alojzy (POL),278,2405
1978-06-07,Group 4,Scotland,1,1,IR Iran,7938,1,0,NDIAYE Youssou (SEN),278,2408
1978-06-03,Group 3,Austria,2,1,Spain,40841,1,1,PALOTAI Karoly (HUN),278,2216
1978-06-07,Group 3,Austria,1,0,Sweden,41424,1,0,CORVER Charles (NED),278,2224
1978-06-11,Group 3,Spain,1,0,Sweden,42132,0,0,BIWERSI Ferdinand (GER),278,2337
1978-06-03,Group 4,Netherlands,3,0,IR Iran,33431,1,0,GONZALEZ ARCHUNDIA Alfonso (MEX),278,2388
1978-06-07,Group 4,Netherlands,0,0,Peru,28125,0,0,PROKOP Adolf (GDR),278,2394
1978-06-11,Group 4,Scotland,3,2,Netherlands,35130,1,1,LINEMAYR Erich (AUT),278,2395
1974-07-06,Match for third place,Brazil,0,1,Poland,77100,0,0,ANGONESE Aurelio (ITA),264,1984
1974-06-26,Group B,Sweden,0,1,Poland,44955,0,1,BARRETO RUIZ Ramon (URU),263,2167
1974-06-30,Group A,Argentina,1,2,Brazil,39400,1,1,LORAUX Vital (BEL),263,1945
1974-06-26,Group A,Brazil,1,0,German DR,59863,0,0,THOMAS Clive (WAL),263,1982
1974-07-03,Group A,Argentina,1,1,German DR,54254,1,1,TAYLOR John (ENG),263,1946
1974-06-30,Group A,German DR,0,2,Netherlands,68348,0,1,SCHEURER Ruedi (SUI),263,2067
1974-06-26,Group A,Netherlands,4,0,Argentina,56548,2,0,DAVIDSON Bob (SCO),263,1948
1974-06-30,Group B,Germany FR,4,2,Sweden,67800,0,1,KAZAKOV Pavel (URS),263,2065
1974-07-03,Group B,Sweden,2,1,Yugoslavia,41300,1,1,PESTARINO Luis (ARG),263,2182
1974-06-26,Group B,Yugoslavia,0,2,Germany FR,67385,0,1,MARQUES Armando (BRA),263,2066
1974-06-30,Group B,Poland,2,1,Yugoslavia,58000,1,1,GLOECKNER Rudolf (GDR),263,2170
1974-07-03,Group B,Poland,0,1,Germany FR,62000,0,0,LINEMAYR Erich (AUT),263,2064
1974-07-03,Group A,Netherlands,2,0,Brazil,53700,0,0,TSCHENSCHER Kurt (GER),263,1983
1974-06-19,Group 4,Argentina,1,1,Italy,70100,1,1,KAZAKOV Pavel (URS),262,1949
1974-06-15,Group 4,Poland,3,2,Argentina,32700,2,0,THOMAS Clive (WAL),262,1952
1974-06-23,Group 4,Poland,2,1,Italy,70100,2,0,WEYLAND Hans Joachim (FRG),262,2129
1974-06-19,Group 3,Bulgaria,1,1,Uruguay,13400,0,0,TAYLOR John (ENG),262,1996
1974-06-15,Group 3,Uruguay,0,2,Netherlands,55100,0,1,PALOTAI Karoly (HUN),262,2098
1974-06-23,Group 4,Argentina,4,1,Haiti,25900,2,0,SANCHEZ IBANEZ Pablo (ESP),262,1947
1974-06-22,Group 1,Australia,0,0,Chile,17400,0,0,NAMDAR Jafar (IRN),262,1953
1974-06-18,Group 1,Chile,1,1,German DR,28300,0,0,ANGONESE Aurelio (ITA),262,2004
1974-06-14,Group 1,Germany FR,1,0,Chile,81100,1,0,BABACAN Dogan (TUR),262,2003
1974-06-19,Group 4,Haiti,0,7,Poland,25300,0,5,SUPPIAH George (SIN),262,2085
1974-06-15,Group 4,Italy,3,1,Haiti,53000,0,0,LLOBREGAT Vicente (VEN),262,2083
1974-06-18,Group 2,Yugoslavia,9,0,Zaire,31700,6,0,DELGADO Omar (COL),262,2186
1974-06-22,Group 2,Zaire,0,3,Brazil,36200,0,1,RAINEA Nicolae (ROU),262,1987
1974-06-15,Group 3,Sweden,0,0,Bulgaria,23800,0,0,PEREZ NUNEZ Edison A. (PER),262,1995
1974-06-23,Group 3,Sweden,3,0,Uruguay,28300,0,0,LINEMAYR Erich (AUT),262,2181
1974-06-18,Group 1,Australia,0,3,Germany FR,53300,0,2,KAMEL Mahmoud (EGY),262,1954
1974-06-14,Group 1,German DR,2,0,Australia,17000,0,0,NDIAYE Youssou (SEN),262,1955
1974-06-22,Group 1,German DR,1,0,Germany FR,60200,0,0,BARRETO RUIZ Ramon (URU),262,2062
1974-06-13,Group 2,Brazil,0,0,Yugoslavia,62000,0,0,SCHEURER Ruedi (SUI),262,1986
1974-06-18,Group 2,Scotland,0,0,Brazil,62000,0,0,VAN GEMERT Arie (NED),262,1985
1974-06-22,Group 2,Scotland,1,1,Yugoslavia,56000,0,0,GONZALEZ ARCHUNDIA Alfonso (MEX),262,2175
1974-06-23,Group 3,Bulgaria,1,4,Netherlands,53300,0,2,BOSKOVIC Tony (AUS),262,1990
1974-06-19,Group 3,Netherlands,0,0,Sweden,53700,0,0,WINSEMANN Werner (CAN),262,2097
1974-06-14,Group 2,Zaire,0,2,Scotland,27000,0,2,SCHULENBURG Gerhard (GER),262,2176
1970-06-14,Quarter-finals,Uruguay,1,0,Soviet Union,26085,0,0,VAN RAVENS Laurens (NED),251,1925
1970-06-14,Quarter-finals,Brazil,4,2,Peru,54233,2,1,LORAUX Vital (BEL),251,1768
1970-06-14,Quarter-finals,Italy,4,1,Mexico,26851,1,1,SCHEURER Ruedi (SUI),251,1882
1970-06-14,Quarter-finals,Germany FR,3,2,England,23357,0,0,COEREZZA Norberto Angel (ARG),251,1811
1970-06-10,Group 2,Sweden,1,0,Uruguay,18163,0,0,LANDAUER Henry (USA),250,1922
1970-06-02,Group 2,Uruguay,2,0,Israel,20654,1,0,DAVIDSON Bob (SCO),250,1881
1970-06-06,Group 2,Uruguay,0,0,Italy,29968,0,0,GLOECKNER Rudolf (GDR),250,1884
1970-06-03,Group 1,Belgium,3,0,El Salvador,92205,1,0,RADULESCU Andrei (ROU),250,1747
1970-05-31,Group 1,Mexico,0,0,Soviet Union,107160,0,0,TSCHENSCHER Kurt (GER),250,1902
1970-06-07,Group 1,Mexico,4,0,El Salvador,103058,1,0,KANDIL Aly Hussein (EGY),250,1820
1970-06-11,Group 1,Mexico,1,0,Belgium,108192,1,0,COEREZZA Norberto Angel (ARG),250,1752
1970-06-06,Group 1,Soviet Union,4,1,Belgium,95261,1,0,SCHEURER Ruedi (SUI),250,1753
1970-06-10,Group 1,Soviet Union,2,0,El Salvador,89979,0,0,HORMAZABAL DIAZ Rafael (CHI),250,1823
1970-06-03,Group 3,Brazil,4,1,Czechoslovakia,52897,1,1,BARRETO RUIZ Ramon (URU),250,1770
1970-06-07,Group 3,Brazil,1,0,England,66843,0,0,KLEIN Abraham (ISR),250,1764
1970-06-10,Group 3,Brazil,3,2,Romania,50804,2,1,MARSCHALL Ferdinand (AUT),250,1769
1970-06-02,Group 3,England,1,0,Romania,50560,0,0,LORAUX Vital (BEL),250,1812
1970-06-11,Group 3,England,1,0,Czechoslovakia,49292,0,0,MACHIN Roger (FRA),250,1813
1970-06-06,Group 3,Romania,2,1,Czechoslovakia,56818,0,1,DE LEO Diego (MEX),250,1919
1970-06-03,Group 2,Italy,1,0,Sweden,13433,1,0,TAYLOR John (ENG),250,1883
1970-06-11,Group 2,Italy,0,0,Israel,9890,0,0,DE MORAES Ayrton Vieira (BRA),250,1877
1970-06-07,Group 2,Sweden,1,1,Israel,9624,0,0,TAREKEGN Seyoum (ETH),250,1880
1970-06-11,Group 4,Bulgaria,1,1,Morocco,12299,1,0,SALDANHA RIBEIRO Antonio (POR),250,1779
1970-06-03,Group 4,Germany FR,2,1,Morocco,12942,0,1,VAN RAVENS Laurens (NED),250,1839
1970-06-07,Group 4,Germany FR,5,2,Bulgaria,12710,2,1,ORTIZ DE MENDIBIL Jose Maria (ESP),250,1774
1970-06-10,Group 4,Germany FR,3,1,Peru,17875,3,1,AGUILAR ELIZALDE Abel (MEX),250,1840
1970-06-02,Group 4,Peru,3,2,Bulgaria,13765,0,1,SBARDELLA Antonio (ITA),250,1780
1970-06-06,Group 4,Peru,3,0,Morocco,13537,0,0,BAKHRAMOV Tofik (URS),250,1893
1966-07-23,Quarter-finals,Portugal,5,3,Korea DPR,40248,2,3,ASHKENAZI Menachem (ISR),239,1702
1966-07-23,Quarter-finals,Germany FR,4,0,Uruguay,40007,1,0,FINNEY Jim (ENG),239,1660
1966-07-23,Quarter-finals,Soviet Union,2,1,Hungary,26844,1,0,GARDEAZABAL Juan (ESP),239,1676
1966-07-23,Quarter-finals,England,1,0,Argentina,90584,0,0,KREITLEIN Rudolf (GER),239,1577
1966-07-15,Group 4,Korea DPR,1,1,Chile,13792,0,1,KANDIL Aly Hussein (EGY),238,1609
1966-07-19,Group 4,Korea DPR,1,0,Italy,17829,1,0,SCHWINTE Pierre (FRA),238,1679
1966-07-12,Group 4,Soviet Union,3,0,Korea DPR,23006,2,0,GARDEAZABAL Juan (ESP),238,1710
1966-07-12,Group 3,Brazil,2,0,Bulgaria,47308,1,0,TSCHENSCHER Kurt (GER),238,1596
1966-07-15,Group 3,Hungary,3,1,Brazil,51387,1,1,DAGNALL Kenneth (ENG),238,1597
1966-07-19,Group 3,Portugal,3,1,Brazil,58479,2,0,McCABE George (ENG),238,1598
1966-07-19,Group 2,Argentina,2,0,Switzerland,32127,0,0,FERNANDES CAMPOS Joaquim (POR),238,1582
1966-07-12,Group 2,Germany FR,5,0,Switzerland,36127,3,0,PHILLIPS Hugh (SCO),238,1656
1966-07-15,Group 2,Spain,2,1,Switzerland,32028,0,1,BAKHRAMOV Tofik (URS),238,1641
1966-07-20,Group 3,Hungary,3,1,Bulgaria,24129,2,1,GOICOECHEA Roberto (ARG),238,1599
1966-07-13,Group 3,Portugal,3,1,Hungary,29886,1,0,CALLAGHAN Leo (WAL),238,1675
1966-07-16,Group 3,Portugal,3,0,Bulgaria,25438,2,0,CODESAL Jose Maria (URU),238,1602
1966-07-13,Group 4,Italy,2,0,Chile,27199,1,0,DIENST Gottfried (SUI),238,1608
1966-07-16,Group 4,Soviet Union,1,0,Italy,27793,0,0,KREITLEIN Rudolf (GER),238,1682
1966-07-20,Group 4,Soviet Union,2,1,Chile,16027,1,1,ADAIR John (NIR),238,1610
1966-07-13,Group 2,Argentina,2,1,Spain,42738,0,0,RUMENTCHEV Dimitar (BUL),238,1578
1966-07-16,Group 2,Germany FR,0,0,Argentina,46587,0,0,ZECEVIC Konstantin (YUG),238,1579
1966-07-20,Group 2,Germany FR,2,1,Spain,42187,1,1,MARQUES Armando (BRA),238,1637
1966-07-11,Group 1,England,0,0,Uruguay,87148,0,0,ZSOLT Istvan (HUN),238,1636
1966-07-16,Group 1,England,2,0,Mexico,92570,1,0,LO BELLO Concetto (ITA),238,1634
1966-07-20,Group 1,England,2,0,France,98270,1,0,YAMASAKI MALDONADO Arturo (MEX),238,1632
1966-07-13,Group 1,France,1,1,Mexico,69237,0,0,ASHKENAZI Menachem (ISR),238,1650
1966-07-19,Group 1,Uruguay,0,0,Mexico,61112,0,0,LOEOEW Bertil (SWE),238,1689
1966-07-15,Group 1,Uruguay,2,1,France,45662,2,1,GALBA Karol (TCH),238,1653
1962-06-10,Quarter-finals,Chile,2,1,Soviet Union,17268,2,1,HORN Leo (NED),232,1474
1962-06-10,Quarter-finals,Czechoslovakia,1,0,Hungary,11690,1,0,LATYCHEV Nikolaj (URS),232,1525
1962-06-10,Quarter-finals,Brazil,3,1,England,17736,1,1,SCHWINTE Pierre (FRA),232,1459
1962-06-10,Quarter-finals,Yugoslavia,1,0,Germany FR,63324,0,0,YAMASAKI MALDONADO Arturo (MEX),232,1511
1962-05-31,Group 1,Soviet Union,2,0,Yugoslavia,9622,0,0,DUSCH Albert (GER),231,1563
1962-06-03,Group 1,Soviet Union,4,4,Colombia,8040,3,1,ETZEL FILHO Joao (BRA),231,1478
1962-06-06,Group 1,Soviet Union,2,1,Uruguay,9973,1,0,JONNI Cesare (ITA),231,1562
1962-05-30,Group 1,Uruguay,2,1,Colombia,7908,0,1,DOROGI Andor (HUN),231,1479
1962-06-02,Group 1,Yugoslavia,3,1,Uruguay,8829,2,1,GALBA Karol (TCH),231,1564
1962-06-07,Group 1,Yugoslavia,5,0,Colombia,7167,2,0,ROBLES Carlos (CHI),231,1480
1962-05-30,Group 4,Argentina,1,0,Bulgaria,7134,1,0,GARDEAZABAL Juan (ESP),231,1447
1962-06-02,Group 4,England,3,1,Argentina,9794,2,0,LATYCHEV Nikolaj (URS),231,1450
1962-06-07,Group 4,England,0,0,Bulgaria,5700,0,0,BLAVIER Arthur (BEL),231,1464
1962-05-31,Group 4,Hungary,2,1,England,7938,1,0,HORN Leo (NED),231,1490
1962-06-03,Group 4,Hungary,6,1,Bulgaria,7442,4,0,GARDEAZABAL Juan (ESP),231,1470
1962-06-06,Group 4,Hungary,0,0,Argentina,7945,0,0,YAMASAKI MALDONADO Arturo (MEX),231,1451
1962-05-30,Group 3,Brazil,2,0,Mexico,10484,0,0,DIENST Gottfried (SUI),231,1461
1962-06-02,Group 3,Brazil,0,0,Czechoslovakia,14903,0,0,SCHWINTE Pierre (FRA),231,1462
1962-06-06,Group 3,Brazil,2,1,Spain,18715,0,1,BUSTAMANTE Sergio (CHI),231,1460
1962-05-31,Group 3,Czechoslovakia,1,0,Spain,12700,0,0,STEINER Carl (AUT),231,1498
1962-06-07,Group 3,Mexico,3,1,Czechoslovakia,10648,2,1,DIENST Gottfried (SUI),231,1544
1962-06-03,Group 3,Spain,1,0,Mexico,11875,0,0,TESANIC Branko (YUG),231,1497
1962-05-30,Group 2,Chile,3,1,Switzerland,65006,1,1,ASTON Ken (ENG),231,1473
1962-06-02,Group 2,Chile,2,0,Italy,66057,0,0,ASTON Ken (ENG),231,1472
1962-05-31,Group 2,Germany FR,0,0,Italy,65440,0,0,DAVIDSON Bob (SCO),231,1507
1962-06-03,Group 2,Germany FR,2,1,Switzerland,64922,1,0,HORN Leo (NED),231,1510
1962-06-06,Group 2,Germany FR,2,0,Chile,67224,1,0,DAVIDSON Bob (SCO),231,1471
1962-06-07,Group 2,Italy,3,0,Switzerland,59828,1,0,LATYCHEV Nikolaj (URS),231,1532
1958-06-19,Quarter-finals,France,4,0,Northern Ireland,11800,1,0,GARDEAZABAL Juan (ESP),221,1385
1958-06-19,Quarter-finals,Germany FR,1,0,Yugoslavia,20055,1,0,WYSSLING Paul (SUI),221,1392
1958-06-19,Quarter-finals,Brazil,1,0,Wales,25923,0,0,SEIPELT Fritz (AUT),221,1345
1958-06-19,Quarter-finals,Sweden,2,0,Soviet Union,31900,0,0,LEAFE Reginald (ENG),221,1437
1958-06-08,Group 2,Yugoslavia,1,1,Scotland,9591,1,0,WYSSLING Paul (SUI),220,1434
1958-06-11,Group 2,Yugoslavia,3,2,France,12217,1,1,GRIFFITHS Benjamin (WAL),220,1388
1958-06-15,Group 2,France,2,1,Scotland,13554,2,0,BROZZI Juan (ARG),220,1387
1958-06-08,Group 2,France,7,3,Paraguay,16518,2,2,GARDEAZABAL Juan (ESP),220,1386
1958-06-11,Group 2,Paraguay,3,2,Scotland,11665,2,1,ORLANDINI Vincenzo (ITA),220,1423
1958-06-08,Group 3,Hungary,1,1,Wales,15343,1,1,CODESAL Jose Maria (URU),220,1407
1958-06-15,Group 3,Hungary,4,0,Mexico,13300,1,0,ERIKSSON Arne (FIN),220,1403
1958-06-08,Group 1,Argentina,1,3,Germany FR,31156,1,2,LEAFE Reginald (ENG),220,1323
1958-06-15,Group 1,Germany FR,2,2,Northern Ireland,21990,1,1,FERNANDES CAMPOS Joaquim (POR),220,1389
1958-06-17,Group 1,Northern Ireland,2,1,Czechoslovakia,6196,0,0,GUIGUE Maurice (FRA),220,1422
1958-06-11,Group 4,Brazil,0,0,England,40895,0,0,DUSCH Albert (GER),220,1339
1958-06-15,Group 4,Brazil,2,0,Soviet Union,50928,1,0,GUIGUE Maurice (FRA),220,1344
1958-06-08,Group 4,Soviet Union,2,2,England,49348,1,0,ZSOLT Istvan (HUN),220,1372
1958-06-17,Group 4,Soviet Union,1,0,England,23182,0,0,DUSCH Albert (GER),220,1373
1958-06-15,Group 1,Czechoslovakia,6,1,Argentina,16418,3,0,ELLIS Arthur (ENG),220,1325
1958-06-11,Group 1,Germany FR,2,2,Czechoslovakia,25000,0,2,ELLIS Arthur (ENG),220,1391
1958-06-11,Group 1,Argentina,3,1,Northern Ireland,14174,1,1,AHLNER Sten (SWE),220,1324
1958-06-08,Group 1,Northern Ireland,1,0,Czechoslovakia,10647,1,0,SEIPELT Fritz (AUT),220,1421
1958-06-11,Group 3,Mexico,1,1,Wales,15150,0,1,LEMESIC Leo (YUG),220,1418
1958-06-08,Group 3,Sweden,3,0,Mexico,34107,1,0,LATYCHEV Nikolaj (URS),220,1415
1958-06-12,Group 3,Sweden,2,1,Hungary,38850,1,0,MOWAT Jack (SCO),220,1406
1958-06-15,Group 3,Sweden,0,0,Wales,30287,0,0,VAN NUFFEL Lucien (BEL),220,1438
1958-06-17,Group 3,Wales,2,1,Hungary,2823,0,1,LATYCHEV Nikolaj (URS),220,1408
1958-06-08,Group 4,Brazil,3,0,Austria,17788,1,0,GUIGUE Maurice (FRA),220,1326
1958-06-15,Group 4,England,2,2,Austria,15872,0,1,BRONKHORST Jan (NED),220,1327
1958-06-11,Group 4,Soviet Union,2,0,Austria,21239,1,0,JORGENSEN Carl Frederik (DEN),220,1332
1958-06-15,Group 2,Paraguay,3,3,Yugoslavia,13103,1,2,MACKO Martin (TCH),220,1426
1954-06-27,Quarter-finals,Germany FR,2,0,Yugoslavia,17000,1,0,ZSOLT Istvan (HUN),212,1285
1954-06-26,Quarter-finals,Austria,7,5,Switzerland,35000,5,4,FAULTLESS Charlie (SCO),212,1237
1954-06-26,Quarter-finals,Uruguay,4,2,England,28000,2,1,STEINER Carl (AUT),212,1264
1954-06-27,Quarter-finals,Hungary,4,2,Brazil,40000,2,1,ELLIS Arthur (ENG),212,1248
1954-06-16,Group 1,Brazil,5,0,Mexico,13470,4,0,WYSSLING Paul (SUI),211,1249
1954-06-19,Group 1,France,3,2,Mexico,19000,1,0,ASENSI Manuel (ESP),211,1275
1954-06-20,Group 2,Turkey,7,0,Korea Republic,4000,4,0,MARINO Esteban (URU),211,1304
1954-06-20,Group 4,Italy,4,1,Belgium,24000,1,0,STEINER Carl (AUT),211,1243
1954-06-16,Group 3,Austria,1,0,Scotland,25000,1,0,FRANKEN Laurent (BEL),211,1236
1954-06-19,Group 3,Austria,5,0,Czechoslovakia,26000,4,0,STEFANOVIC Vasa (YUG),211,1238
1954-06-23,Group 2,Germany FR,7,2,Turkey,17000,3,1,VINCENTI Raymond (FRA),211,1284
1954-06-17,Group 2,Hungary,9,0,Korea Republic,13000,4,0,VINCENTI Raymond (FRA),211,1294
1954-06-19,Group 1,Brazil,1,1,Yugoslavia,24637,0,0,FAULTLESS Charlie (SCO),211,1252
1954-06-17,Group 4,Switzerland,2,1,Italy,43000,1,1,VIANA Mario (BRA),211,1300
1954-06-16,Group 1,Yugoslavia,1,0,France,16000,1,0,GRIFFITHS Benjamin (WAL),211,1276
1954-06-17,Group 4,England,4,4,Belgium,14000,0,0,SCHMETZER Emil (FRG),211,1240
1954-06-20,Group 2,Hungary,8,3,Germany FR,56000,3,1,LING William (ENG),211,1277
1954-06-23,Group 4,Switzerland,4,1,Italy,30000,1,0,GRIFFITHS Benjamin (WAL),211,1301
1954-06-19,Group 3,Uruguay,7,0,Scotland,34000,2,0,ORLANDINI Vincenzo (ITA),211,1313
1954-06-20,Group 4,England,2,0,Switzerland,43500,1,0,ZSOLT Istvan (HUN),211,1263
1954-06-17,Group 2,Germany FR,4,1,Turkey,28000,1,1,DA COSTA VIEIRA Jose (POR),211,1283
1954-06-16,Group 3,Uruguay,2,0,Czechoslovakia,20500,0,0,ELLIS Arthur (ENG),211,1315
1950-07-09,Group 6,Brazil,7,1,Sweden,138886,3,0,ELLIS Arthur (ENG),209,1189
1950-07-13,Group 6,Brazil,6,1,Spain,152772,3,0,LEAFE Reginald (ENG),209,1186
1950-07-16,Group 6,Uruguay,2,1,Brazil,173850,0,0,READER George (ENG),209,1190
1950-07-16,Group 6,Sweden,3,1,Spain,11227,2,0,VAN DER MEER Karel (NED),209,1206
1950-07-09,Group 6,Uruguay,2,2,Spain,44802,1,2,GRIFFITHS Benjamin (WAL),209,1207
1950-07-13,Group 6,Uruguay,3,2,Sweden,7987,1,2,GALEATI Giovanni (ITA),209,1231
1950-06-25,Group 2,Spain,3,1,USA,9511,0,1,VIANA Mario (BRA),208,1208
1950-06-29,Group 3,Sweden,2,2,Paraguay,7903,2,1,MITCHELL Robert (SCO),208,1228
1950-07-02,Group 1,Switzerland,2,1,Mexico,3580,2,0,EKLIND Ivan (SWE),208,1222
1950-06-28,Group 1,Yugoslavia,4,1,Mexico,11078,2,0,LEAFE Reginald (ENG),208,1225
1950-07-02,Group 2,Chile,5,2,USA,8501,2,0,GARDELLI Mario (BRA),208,1194
1950-07-02,Group 4,Uruguay,8,0,Bolivia,5284,4,0,READER George (ENG),208,1185
1950-06-29,Group 2,USA,1,0,England,10151,1,0,DATTILO Generoso (ITA),208,1202
1950-06-25,Group 1,Yugoslavia,3,0,Switzerland,7336,0,0,GALEATI Giovanni (ITA),208,1230
1950-06-24,Group 1,Brazil,4,0,Mexico,81649,1,0,READER George (ENG),208,1187
1950-07-01,Group 1,Brazil,2,0,Yugoslavia,142429,1,0,GRIFFITHS Benjamin (WAL),208,1191
1950-06-25,Group 2,England,2,0,Chile,29703,1,0,VAN DER MEER Karel (NED),208,1192
1950-06-29,Group 2,Spain,2,0,Chile,19790,2,0,MALCHER Alberto (BRA),208,1193
1950-07-02,Group 2,Spain,1,0,England,74462,0,0,GALEATI Giovanni (ITA),208,1199
1950-06-28,Group 1,Brazil,2,2,Switzerland,42032,2,1,AZON ROMA Ramon (ESP),208,1188
1950-07-02,Group 3,Italy,2,0,Paraguay,25811,1,0,ELLIS Arthur (ENG),208,1218
1950-06-25,Group 3,Sweden,3,2,Italy,36502,2,1,LUTZ Jean (SUI),208,1219
1938-06-05,First round,Czechoslovakia,3,0,Netherlands,11000,0,0,LECLERCQ Lucien (FRA),206,1172
1938-06-04,First round,Switzerland,1,1,Germany,27152,0,0,LANGENUS Jean (BEL),206,1165
1938-06-09,First round,Switzerland,4,2,Germany,20025,1,2,EKLIND Ivan (SWE),206,1166
1938-06-05,First round,Brazil,6,5,Poland,13452,0,0,EKLIND Ivan (SWE),206,1150
1938-06-05,First round,Cuba,3,3,Romania,7000,0,0,SCARPI Giuseppe (ITA),206,1156
1938-06-09,First round,Cuba,2,1,Romania,8000,0,1,BIRLEM Alfred (GER),206,1157
1938-06-05,First round,France,3,1,Belgium,30454,2,1,WUETHRICH Hans (SUI),206,1146
1938-06-05,First round,Italy,2,1,Norway,19000,0,0,BERANEK Alois (AUT),206,1179
1938-06-05,First round,Hungary,6,0,Dutch East Indies,9000,4,0,CONRIE Roger (FRA),206,1173
1934-05-27,Preliminary round,Hungary,4,2,Egypt,9000,2,2,BARLASSINA Rinaldo (ITA),204,1119
1934-05-27,Preliminary round,Germany,5,2,Belgium,8000,1,2,MATTEA Francesco (ITA),204,1108
1934-05-27,Preliminary round,Sweden,3,2,Argentina,14000,1,1,BRAUN Eugen (AUT),204,1102
1934-05-27,Preliminary round,Czechoslovakia,2,1,Romania,9000,0,1,LANGENUS Jean (BEL),204,1141
1934-05-27,Preliminary round,Spain,3,1,Brazil,21000,3,0,BIRLEM Alfred (GER),204,1111
1934-05-27,Preliminary round,Italy,7,1,USA,25000,3,0,MERCET Rene (SUI),204,1135
1934-05-27,Preliminary round,Switzerland,3,2,Netherlands,33000,2,1,EKLIND Ivan (SWE),204,1133
1934-05-27,Preliminary round,Austria,3,2,France,16000,0,0,VAN MOORSEL Johannes (NED),204,1104
1930-07-26,Semi-finals,Argentina,6,1,USA,72886,1,0,LANGENUS Jean (BEL),202,1088
1930-07-27,Semi-finals,Uruguay,6,1,Yugoslavia,79867,3,1,REGO Gilberto (BRA),202,1101
1930-07-19,Group 1,Argentina,6,3,Mexico,42100,3,1,SAUCEDO Ulises (BOL),201,1086
1930-07-22,Group 1,Argentina,3,1,Chile,41459,2,1,LANGENUS Jean (BEL),201,1084
1930-07-20,Group 2,Brazil,4,0,Bolivia,25466,1,0,BALWAY Thomas (FRA),201,1091
1930-07-19,Group 1,Chile,1,0,France,2000,0,0,TEJADA Anibal (URU),201,1094
1930-07-20,Group 4,Paraguay,1,0,Belgium,12000,1,0,VALLARINO Ricardo (URU),201,1089
1930-07-18,Group 3,Uruguay,1,0,Peru,57735,0,0,LANGENUS Jean (BEL),201,1099
1930-07-21,Group 3,Uruguay,4,0,Romania,70022,4,0,REGO Gilberto (BRA),201,1100
1930-07-15,Group 1,Argentina,1,0,France,23409,0,0,REGO Gilberto (BRA),201,1085
1930-07-16,Group 1,Chile,3,0,Mexico,9249,1,0,CRISTOPHE Henry (BEL),201,1095
1930-07-13,Group 4,USA,3,0,Belgium,18346,2,0,MACIAS Jose (ARG),201,1090
1930-07-17,Group 4,USA,3,0,Paraguay,18306,2,0,MACIAS Jose (ARG),201,1097
1930-07-17,Group 2,Yugoslavia,2,1,Brazil,24059,2,0,TEJADA Anibal (URU),201,1093
1930-07-17,Group 2,Yugoslavia,4,0,Bolivia,18306,0,0,MATEUCCI Francisco (URU),201,1092
1930-07-13,Group 1,France,4,1,Mexico,4444,3,0,LOMBARDI Domingo (URU),201,1096
1930-07-14,Group 3,Romania,3,1,Peru,2549,1,0,WARNKEN Alberto (CHI),201,1098
